/*!999999\- enable the sandbox mode */ 
-- MariaDB dump 10.19  Distrib 10.6.18-MariaDB, for debian-linux-gnu (x86_64)
--
-- Host: localhost    Database: ravib_tool
-- ------------------------------------------------------
-- Server version	10.6.18-MariaDB-0ubuntu0.22.04.1

/*!40101 SET @OLD_CHARACTER_SET_CLIENT=@@CHARACTER_SET_CLIENT */;
/*!40101 SET @OLD_CHARACTER_SET_RESULTS=@@CHARACTER_SET_RESULTS */;
/*!40101 SET @OLD_COLLATION_CONNECTION=@@COLLATION_CONNECTION */;
/*!40101 SET NAMES utf8mb4 */;
/*!40103 SET @OLD_TIME_ZONE=@@TIME_ZONE */;
/*!40103 SET TIME_ZONE='+00:00' */;
/*!40014 SET @OLD_UNIQUE_CHECKS=@@UNIQUE_CHECKS, UNIQUE_CHECKS=0 */;
/*!40014 SET @OLD_FOREIGN_KEY_CHECKS=@@FOREIGN_KEY_CHECKS, FOREIGN_KEY_CHECKS=0 */;
/*!40101 SET @OLD_SQL_MODE=@@SQL_MODE, SQL_MODE='NO_AUTO_VALUE_ON_ZERO' */;
/*!40111 SET @OLD_SQL_NOTES=@@SQL_NOTES, SQL_NOTES=0 */;

--
-- Table structure for table `actors`
--

DROP TABLE IF EXISTS `actors`;
/*!40101 SET @saved_cs_client     = @@character_set_client */;
/*!40101 SET character_set_client = utf8 */;
CREATE TABLE `actors` (
  `id` int(10) unsigned NOT NULL AUTO_INCREMENT,
  `organisation_id` int(10) unsigned NOT NULL,
  `name` text NOT NULL,
  `chance` tinyint(3) unsigned NOT NULL,
  `knowledge` tinyint(3) unsigned NOT NULL,
  `resources` tinyint(3) unsigned NOT NULL,
  `reason` text NOT NULL,
  PRIMARY KEY (`id`),
  KEY `case_id` (`organisation_id`),
  CONSTRAINT `actors_ibfk_1` FOREIGN KEY (`organisation_id`) REFERENCES `organisations` (`id`)
) ENGINE=InnoDB DEFAULT CHARSET=utf8mb3 COLLATE=utf8mb3_general_ci;
/*!40101 SET character_set_client = @saved_cs_client */;

--
-- Table structure for table `advisors`
--

DROP TABLE IF EXISTS `advisors`;
/*!40101 SET @saved_cs_client     = @@character_set_client */;
/*!40101 SET character_set_client = utf8 */;
CREATE TABLE `advisors` (
  `id` int(10) unsigned NOT NULL AUTO_INCREMENT,
  `organisation_id` int(10) unsigned NOT NULL,
  `user_id` int(10) unsigned NOT NULL,
  `private_key` text NOT NULL,
  `public_key` text NOT NULL,
  `crypto_key` text DEFAULT NULL,
  PRIMARY KEY (`id`),
  KEY `organisation_id` (`organisation_id`),
  KEY `advisors_ibfk_2` (`user_id`),
  CONSTRAINT `advisors_ibfk_1` FOREIGN KEY (`organisation_id`) REFERENCES `organisations` (`id`),
  CONSTRAINT `advisors_ibfk_2` FOREIGN KEY (`user_id`) REFERENCES `users` (`id`)
) ENGINE=InnoDB DEFAULT CHARSET=utf8mb3 COLLATE=utf8mb3_general_ci;
/*!40101 SET character_set_client = @saved_cs_client */;

--
-- Table structure for table `bia`
--

DROP TABLE IF EXISTS `bia`;
/*!40101 SET @saved_cs_client     = @@character_set_client */;
/*!40101 SET character_set_client = utf8 */;
CREATE TABLE `bia` (
  `id` int(10) unsigned NOT NULL AUTO_INCREMENT,
  `organisation_id` int(10) unsigned NOT NULL,
  `item` text NOT NULL,
  `description` text NOT NULL,
  `impact` text NOT NULL,
  `availability` tinyint(3) unsigned NOT NULL,
  `integrity` tinyint(3) unsigned NOT NULL,
  `confidentiality` tinyint(3) unsigned NOT NULL,
  `owner` tinyint(3) unsigned NOT NULL,
  `personal_data` tinyint(1) NOT NULL,
  `location` tinyint(3) unsigned NOT NULL,
  PRIMARY KEY (`id`),
  KEY `case_id` (`organisation_id`),
  CONSTRAINT `bia_ibfk_1` FOREIGN KEY (`organisation_id`) REFERENCES `organisations` (`id`)
) ENGINE=InnoDB DEFAULT CHARSET=utf8mb3 COLLATE=utf8mb3_general_ci;
/*!40101 SET character_set_client = @saved_cs_client */;

--
-- Table structure for table `cache`
--

DROP TABLE IF EXISTS `cache`;
/*!40101 SET @saved_cs_client     = @@character_set_client */;
/*!40101 SET character_set_client = utf8 */;
CREATE TABLE `cache` (
  `key` varchar(100) NOT NULL,
  `value` text NOT NULL,
  `timeout` datetime NOT NULL,
  PRIMARY KEY (`key`)
) ENGINE=MyISAM DEFAULT CHARSET=utf8mb3 COLLATE=utf8mb3_general_ci;
/*!40101 SET character_set_client = @saved_cs_client */;

--
-- Table structure for table `case_progress`
--

DROP TABLE IF EXISTS `case_progress`;
/*!40101 SET @saved_cs_client     = @@character_set_client */;
/*!40101 SET character_set_client = utf8 */;
CREATE TABLE `case_progress` (
  `id` int(10) unsigned NOT NULL AUTO_INCREMENT,
  `case_id` int(10) unsigned NOT NULL,
  `executor_id` int(10) unsigned DEFAULT NULL,
  `reviewer_id` int(10) unsigned DEFAULT NULL,
  `control_id` int(10) unsigned DEFAULT NULL,
  `deadline` date DEFAULT NULL,
  `info` text NOT NULL,
  `done` tinyint(1) NOT NULL,
  `hours_planned` smallint(5) unsigned NOT NULL,
  `hours_invested` smallint(5) unsigned NOT NULL,
  PRIMARY KEY (`id`),
  KEY `case_id` (`case_id`),
  KEY `progress_people_id` (`executor_id`),
  KEY `iso_measure_id` (`control_id`),
  KEY `reviewer_id` (`reviewer_id`),
  CONSTRAINT `case_progress_ibfk_1` FOREIGN KEY (`case_id`) REFERENCES `cases` (`id`),
  CONSTRAINT `case_progress_ibfk_2` FOREIGN KEY (`executor_id`) REFERENCES `users` (`id`),
  CONSTRAINT `case_progress_ibfk_3` FOREIGN KEY (`reviewer_id`) REFERENCES `users` (`id`),
  CONSTRAINT `case_progress_ibfk_4` FOREIGN KEY (`control_id`) REFERENCES `controls` (`id`)
) ENGINE=InnoDB DEFAULT CHARSET=utf8mb3 COLLATE=utf8mb3_general_ci;
/*!40101 SET character_set_client = @saved_cs_client */;

--
-- Table structure for table `case_risk_bia`
--

DROP TABLE IF EXISTS `case_risk_bia`;
/*!40101 SET @saved_cs_client     = @@character_set_client */;
/*!40101 SET character_set_client = utf8 */;
CREATE TABLE `case_risk_bia` (
  `case_risk_id` int(10) unsigned NOT NULL,
  `bia_id` int(10) unsigned NOT NULL,
  KEY `case_threat_id` (`case_risk_id`),
  KEY `case_bia_id` (`bia_id`),
  CONSTRAINT `case_risk_bia_ibfk_1` FOREIGN KEY (`case_risk_id`) REFERENCES `case_risks` (`id`),
  CONSTRAINT `case_risk_bia_ibfk_2` FOREIGN KEY (`bia_id`) REFERENCES `bia` (`id`)
) ENGINE=InnoDB DEFAULT CHARSET=utf8mb3 COLLATE=utf8mb3_general_ci;
/*!40101 SET character_set_client = @saved_cs_client */;

--
-- Table structure for table `case_risk_control`
--

DROP TABLE IF EXISTS `case_risk_control`;
/*!40101 SET @saved_cs_client     = @@character_set_client */;
/*!40101 SET character_set_client = utf8 */;
CREATE TABLE `case_risk_control` (
  `case_risk_id` int(10) unsigned NOT NULL,
  `control_id` int(10) unsigned NOT NULL,
  KEY `case_threat_id` (`case_risk_id`),
  KEY `measure_id` (`control_id`),
  CONSTRAINT `case_risk_control_ibfk_1` FOREIGN KEY (`case_risk_id`) REFERENCES `case_risks` (`id`),
  CONSTRAINT `case_risk_control_ibfk_2` FOREIGN KEY (`control_id`) REFERENCES `controls` (`id`)
) ENGINE=InnoDB DEFAULT CHARSET=utf8mb3 COLLATE=utf8mb3_general_ci;
/*!40101 SET character_set_client = @saved_cs_client */;

--
-- Table structure for table `case_risks`
--

DROP TABLE IF EXISTS `case_risks`;
/*!40101 SET @saved_cs_client     = @@character_set_client */;
/*!40101 SET character_set_client = utf8 */;
CREATE TABLE `case_risks` (
  `id` int(10) unsigned NOT NULL AUTO_INCREMENT,
  `case_id` int(10) unsigned NOT NULL,
  `threat` text NOT NULL,
  `actor_id` int(10) unsigned DEFAULT NULL,
  `chance` tinyint(4) NOT NULL,
  `impact` tinyint(4) NOT NULL,
  `handle` tinyint(4) NOT NULL,
  `causes` text NOT NULL,
  `effects` text NOT NULL,
  `action` text NOT NULL,
  `current` text NOT NULL,
  `argumentation` text NOT NULL,
  PRIMARY KEY (`id`),
  KEY `case_id` (`case_id`),
  KEY `actor_id` (`actor_id`),
  CONSTRAINT `case_risks_ibfk_1` FOREIGN KEY (`case_id`) REFERENCES `cases` (`id`),
  CONSTRAINT `case_risks_ibfk_2` FOREIGN KEY (`actor_id`) REFERENCES `actors` (`id`)
) ENGINE=InnoDB DEFAULT CHARSET=utf8mb3 COLLATE=utf8mb3_general_ci;
/*!40101 SET character_set_client = @saved_cs_client */;

--
-- Table structure for table `case_scenarios`
--

DROP TABLE IF EXISTS `case_scenarios`;
/*!40101 SET @saved_cs_client     = @@character_set_client */;
/*!40101 SET character_set_client = utf8 */;
CREATE TABLE `case_scenarios` (
  `id` int(10) unsigned NOT NULL AUTO_INCREMENT,
  `case_id` int(10) unsigned NOT NULL,
  `title` text NOT NULL,
  `scenario` text NOT NULL,
  `consequences` text NOT NULL,
  PRIMARY KEY (`id`),
  KEY `case_id` (`case_id`),
  CONSTRAINT `case_scenarios_ibfk_1` FOREIGN KEY (`case_id`) REFERENCES `cases` (`id`)
) ENGINE=InnoDB DEFAULT CHARSET=utf8mb3 COLLATE=utf8mb3_general_ci;
/*!40101 SET character_set_client = @saved_cs_client */;

--
-- Table structure for table `case_scope`
--

DROP TABLE IF EXISTS `case_scope`;
/*!40101 SET @saved_cs_client     = @@character_set_client */;
/*!40101 SET character_set_client = utf8 */;
CREATE TABLE `case_scope` (
  `case_id` int(10) unsigned NOT NULL,
  `bia_id` int(10) unsigned NOT NULL,
  KEY `case_id` (`case_id`),
  KEY `bia_id` (`bia_id`),
  CONSTRAINT `case_scope_ibfk_1` FOREIGN KEY (`case_id`) REFERENCES `cases` (`id`),
  CONSTRAINT `case_scope_ibfk_2` FOREIGN KEY (`bia_id`) REFERENCES `bia` (`id`)
) ENGINE=InnoDB DEFAULT CHARSET=utf8mb3 COLLATE=utf8mb3_general_ci;
/*!40101 SET character_set_client = @saved_cs_client */;

--
-- Table structure for table `cases`
--

DROP TABLE IF EXISTS `cases`;
/*!40101 SET @saved_cs_client     = @@character_set_client */;
/*!40101 SET character_set_client = utf8 */;
CREATE TABLE `cases` (
  `id` int(10) unsigned NOT NULL AUTO_INCREMENT,
  `organisation_id` int(10) unsigned NOT NULL,
  `standard_id` int(10) unsigned NOT NULL,
  `name` text NOT NULL,
  `organisation` text NOT NULL,
  `date` date NOT NULL,
  `scope` text NOT NULL,
  `impact` text NOT NULL,
  `interests` text NOT NULL,
  `logo` varchar(250) DEFAULT NULL,
  `archived` tinyint(1) NOT NULL,
  PRIMARY KEY (`id`),
  KEY `user_id` (`organisation_id`),
  KEY `iso_standard_id` (`standard_id`),
  CONSTRAINT `cases_ibfk_1` FOREIGN KEY (`organisation_id`) REFERENCES `organisations` (`id`),
  CONSTRAINT `cases_ibfk_2` FOREIGN KEY (`standard_id`) REFERENCES `control_standards` (`id`)
) ENGINE=InnoDB DEFAULT CHARSET=utf8mb3 COLLATE=utf8mb3_general_ci;
/*!40101 SET character_set_client = @saved_cs_client */;

--
-- Table structure for table `control_categories`
--

DROP TABLE IF EXISTS `control_categories`;
/*!40101 SET @saved_cs_client     = @@character_set_client */;
/*!40101 SET character_set_client = utf8 */;
CREATE TABLE `control_categories` (
  `id` int(10) unsigned NOT NULL AUTO_INCREMENT,
  `standard_id` int(10) unsigned NOT NULL,
  `number` varchar(5) NOT NULL,
  `name_en` varchar(100) NOT NULL,
  `name_nl` varchar(100) NOT NULL,
  PRIMARY KEY (`id`),
  KEY `iso_standard` (`standard_id`),
  CONSTRAINT `control_categories_ibfk_1` FOREIGN KEY (`standard_id`) REFERENCES `control_standards` (`id`)
) ENGINE=InnoDB DEFAULT CHARSET=utf8mb3 COLLATE=utf8mb3_general_ci;
/*!40101 SET character_set_client = @saved_cs_client */;

--
-- Dumping data for table `control_categories`
--
-- ORDER BY:  `id`

LOCK TABLES `control_categories` WRITE;
/*!40000 ALTER TABLE `control_categories` DISABLE KEYS */;
INSERT INTO `control_categories` VALUES (1,1,'5','Information security policies','Informatiebeveiligingsbeleid'),(2,1,'6','Organization of information security','Organiseren van informatiebeveiliging'),(3,1,'7','Human resource security','Veilig personeel'),(4,1,'8','Asset management','Beheer van bedrijfsmiddelen'),(5,1,'9','Access control','Toegangsbeveiliging'),(6,1,'10','Cryptography','Cryptografie'),(7,1,'11','Physical and environmental security','Fysieke beveiliging en beveiliging van de omgeving'),(8,1,'12','Operations security','Beveiliging bedrijfsvoering'),(9,1,'13','Communications security','Communicatiebeveiliging'),(10,1,'14','System acquisition, development and maintenance','Acquisitie, ontwikkeling en onderhoud van informatiesystemen'),(11,1,'15','Supplier relationships','Leveranciersrelaties'),(12,1,'16','Information security incident management','Beheer van informatiebeveiligingsincidenten'),(13,1,'17','Information security aspects of business continuity management','Informatiebeveiligingsaspecten van bedrijfscontiniuïteitsbeheer'),(14,1,'18','Compliance','Naleving'),(15,2,'5','Organizational controls','Organisatorische beheersmaatregelen'),(16,2,'6','People controls','Mensgerichte beheersmaatregelen'),(17,2,'7','Physical controls','Fysieke beheersmaatregelen'),(18,2,'8','Technological controls','Technologische beheersmaatregelen');
/*!40000 ALTER TABLE `control_categories` ENABLE KEYS */;
UNLOCK TABLES;

--
-- Table structure for table `control_standards`
--

DROP TABLE IF EXISTS `control_standards`;
/*!40101 SET @saved_cs_client     = @@character_set_client */;
/*!40101 SET character_set_client = utf8 */;
CREATE TABLE `control_standards` (
  `id` int(10) unsigned NOT NULL AUTO_INCREMENT,
  `name` varchar(100) NOT NULL,
  `active` tinyint(1) NOT NULL,
  PRIMARY KEY (`id`)
) ENGINE=InnoDB DEFAULT CHARSET=utf8mb3 COLLATE=utf8mb3_general_ci;
/*!40101 SET character_set_client = @saved_cs_client */;

--
-- Dumping data for table `control_standards`
--
-- ORDER BY:  `id`

LOCK TABLES `control_standards` WRITE;
/*!40000 ALTER TABLE `control_standards` DISABLE KEYS */;
INSERT INTO `control_standards` VALUES (1,'NEN-ISO/IEC 27002:2017',1),(2,'NEN-ISO/IEC 27002:2022',1),(3,'DNB Good Practice 2023',0);
/*!40000 ALTER TABLE `control_standards` ENABLE KEYS */;
UNLOCK TABLES;

--
-- Table structure for table `controls`
--

DROP TABLE IF EXISTS `controls`;
/*!40101 SET @saved_cs_client     = @@character_set_client */;
/*!40101 SET character_set_client = utf8 */;
CREATE TABLE `controls` (
  `id` int(10) unsigned NOT NULL AUTO_INCREMENT,
  `standard_id` int(10) unsigned NOT NULL,
  `number` varchar(10) NOT NULL,
  `name_en` varchar(100) NOT NULL,
  `name_nl` varchar(100) NOT NULL,
  `reduces` tinyint(3) unsigned NOT NULL,
  PRIMARY KEY (`id`),
  KEY `iso_standard` (`standard_id`)
) ENGINE=InnoDB DEFAULT CHARSET=utf8mb3 COLLATE=utf8mb3_general_ci;
/*!40101 SET character_set_client = @saved_cs_client */;

--
-- Dumping data for table `controls`
--
-- ORDER BY:  `id`

LOCK TABLES `controls` WRITE;
/*!40000 ALTER TABLE `controls` DISABLE KEYS */;
INSERT INTO `controls` VALUES (1,1,'5.1.1','Policies for information security','Beleidsregels voor informatiebeveiliging',2),(2,1,'5.1.2','Review of the policies for information security','Beoordeling van het informatiebeveiligingsbeleid',2),(3,1,'6.1.1','Information security roles and responsibilities','Rollen en verantwoordelijkheden bij informatiebeveiliging',2),(4,1,'6.1.2','Segregation of duties','Scheiding van taken',0),(5,1,'6.1.3','Contact with authorities','Contact met overheidsinstanties',2),(6,1,'6.1.4','Contact with special interest groups','Contact met speciale belangengroepen',2),(7,1,'6.1.5','Information security in project management','Informatiebeveiliging in projectbeheer',2),(8,1,'6.2.1','Mobile device policy','Beleid voor mobiele apparatuur',2),(9,1,'6.2.2','Teleworking','Telewerken',2),(10,1,'7.1.1','Screening','Screening',0),(11,1,'7.1.2','Terms and conditions of employment','Arbeidsvoorwaarden',2),(12,1,'7.2.1','Management responsibilities','Directieverantwoordelijkheden',0),(13,1,'7.2.2','Information security awareness, education and training','Bewustzijn, opleiding en training ten aanzien van informatiebeveiliging',2),(14,1,'7.2.3','Disciplinary process','Disciplinaire procedure',0),(15,1,'7.3.1','Termination or change of employment responsibilities','Beëindiging of wijziging van verantwoordelijkheden van het dienstverband',0),(16,1,'8.1.1','Inventory of assets','Inventariseren van bedrijfsmiddelen',2),(17,1,'8.1.2','Ownership of assets','Eigendom van bedrijfsmiddelen',2),(18,1,'8.1.3','Acceptable use of assets','Aanvaardbaar gebruik van bedrijfsmiddelen',0),(19,1,'8.1.4','Return of assets','Teruggeven van bedrijfsmiddelen',0),(20,1,'8.2.1','Classification of information','Classificatie van informatie',0),(21,1,'8.2.2','Labelling of information','Informatie labelen',0),(22,1,'8.2.3','Handling of assets','Behandelen van bedrijfsmiddelen',0),(23,1,'8.3.1','Management of removable media','Beheer van verwijderbare media',0),(24,1,'8.3.2','Disposal of media','Verwijderen van media',0),(25,1,'8.3.3','Physical media transfer','Media fysiek overdragen',2),(26,1,'9.1.1','Access control policy','Beleid voor toegangsbeveiliging',2),(27,1,'9.1.2','Access to networks and network services','Toegang tot netwerken en netwerkdiensten',2),(28,1,'9.2.1','User registration and de-registration','Registratie en afmelden van gebruikers',0),(29,1,'9.2.2','User access provisioning','Gebruikers toegang verlenen',0),(30,1,'9.2.3','Management of privileged access rights','Beheren van speciale toegangsrechten',0),(31,1,'9.2.4','Management of secret authentication information of users','Beheer van geheime authenticatie-informatie van gebruikers',0),(32,1,'9.2.5','Review of user access rights','Beoordeling van toegangsrechten van gebruikers',0),(33,1,'9.2.6','Removal or adjustment of access rights','Toegangsrechten intrekken of aanpassen',0),(34,1,'9.3.1','Use of secret authentication information','Geheime authenticatie-informatie gebruiken',0),(35,1,'9.4.1','Information access restriction','Beperking toegang tot informatie',2),(36,1,'9.4.2','Secure log-on procedures','Beveiligde inlogprocedures',2),(37,1,'9.4.3','Password management system','Systeem voor wachtwoordbeheer',0),(38,1,'9.4.4','Use of privileged utility programs','Speciale systeemhulpmiddelen gebruiken',2),(39,1,'9.4.5','Access control to program source code','Toegangsbeveiliging op programmabroncode',2),(40,1,'10.1.1','Policy on the use of cryptographic controls','Beleid inzake het gebruik van cryptografische beheersmaatregelen',2),(41,1,'10.1.2','Key management','Sleutelbeheer',2),(42,1,'11.1.1','Physical security perimeter','Fysieke beveiligingszone',2),(43,1,'11.1.2','Physical entry controls','Fysieke toegangsbeveiliging',2),(44,1,'11.1.3','Securing offices, rooms and facilities','Kantoren, ruimten en faciliteiten beveiligen',2),(45,1,'11.1.4','Protecting against external and environmental threats','Beschermen tegen bedreigingen van buitenaf',1),(46,1,'11.1.5','Working in secure areas','Werken in beveiligde gebieden',0),(47,1,'11.1.6','Delivery and loading areas','Laad- en loslocatie',0),(48,1,'11.2.1','Equipment siting and protection','Plaatsing en bescherming van apparatuur',0),(49,1,'11.2.2','Supporting utilities','Nutsvoorzieningen',0),(50,1,'11.2.3','Cabling security','Beveiliging van bekabeling',0),(51,1,'11.2.4','Equipment maintenance','Onderhoud van apparatuur',0),(52,1,'11.2.5','Removal of assets','Verwijdering van bedrijfsmiddelen',0),(53,1,'11.2.6','Security of equipment and assets off-premises','Beveiliging van apparatuur en bedrijfsmiddelen buiten het terrein',2),(54,1,'11.2.7','Secure disposal or re-use of equipment','Veilig verwijderen of hergebruiken van apparatuur',0),(55,1,'11.2.8','Unattended user equipment','Onbeheerde gebruikersapparatuur',0),(56,1,'11.2.9','Clear desk and clear screen policy','\'Clear desk\'- en \'clear screen\'-beleid',0),(57,1,'12.1.1','Documented operating procedures','Gedocumenteerde bedieningsprocedures',2),(58,1,'12.1.2','Change management','Wijzigingsbeheer',0),(59,1,'12.1.3','Capacity management','Capaciteitsbeheer',0),(60,1,'12.1.4','Separation of development, testing and operational environments','Scheiding van ontwikkel-, test- en productieomgevingen',0),(61,1,'12.2.1','Controls against malware','Beheersmaatregelen tegen malware',0),(62,1,'12.3.1','Information backup','Back-up van informatie',1),(63,1,'12.4.1','Event logging','Gebeurtenissen registreren',2),(64,1,'12.4.2','Protection of log information','Beschermen van informatie in logbestanden',2),(65,1,'12.4.3','Administrator and operator logs','Logbestanden van beheerders en operators',0),(66,1,'12.4.4','Clock synchronisation','Kloksynchronisatie',0),(67,1,'12.5.1','Installation of software on operational systems','Software installeren op operationele systemen',2),(68,1,'12.6.1','Management of technical vulnerabilities','Beheer van technische kwetsbaarheden',2),(69,1,'12.6.2','Restrictions on software installation','Beperkingen voor het installeren van software',2),(70,1,'12.7.1','Information systems audit controls','Beheersmaatregelen betreffende audits van informatiesystemen',2),(71,1,'13.1.1','Network controls','Beheersmaatregelen voor netwerken',2),(72,1,'13.1.2','Security of network services','Beveiliging van netwerkdiensten',2),(73,1,'13.1.3','Segregation in networks','Scheiding in netwerken',0),(74,1,'13.2.1','Information transfer policies and procedures','Beleid en procedures voor informatietransport',0),(75,1,'13.2.2','Agreements on information transfer','Overeenkomsten over informatietransport',0),(76,1,'13.2.3','Electronic messaging','Elektronische berichten',0),(77,1,'13.2.4','Confidentiality or non-disclosure agreements','Vertrouwelijkheids- of geheimhoudingsovereenkomst',2),(78,1,'14.1.1','Information security requirements analysis and specification','Analyse en specificatie van informatiebeveiligingseisen',2),(79,1,'14.1.2','Securing application services on public networks','Toepassingen op openbare netwerken beveiligen',2),(80,1,'14.1.3','Protecting application services transactions','Transacties van toepassingen beschermen',2),(81,1,'14.2.1','Secure development policy','Beleid voor beveiligd ontwikkelen',2),(82,1,'14.2.2','System change control procedures','Procedures voor wijzigingsbeheer met betrekking tot systemen',2),(83,1,'14.2.3','Technical review of applications after operating platform changes','Technische beoordeling van toepassingen na wijzigingen besturingsplatform',0),(84,1,'14.2.4','Restrictions on changes to software packages','Beperkingen op wijzigingen aan softwarepakketten',0),(85,1,'14.2.5','Secure system engineering principles','Principes voor engineering van beveiligde systemen',2),(86,1,'14.2.6','Secure development environment','Beveiligde ontwikkelomgeving',0),(87,1,'14.2.7','Outsourced development','Uitbestede softwareontwikkeling',2),(88,1,'14.2.8','System security testing','Testen van systeembeveiliging',2),(89,1,'14.2.9','System acceptance testing','Systeemacceptatietests',2),(90,1,'14.3.1','Protection of test data','Bescherming van testgegevens',0),(91,1,'15.1.1','Information security policy for supplier relationships','Informatiebeveiligingsbeleid voor leveranciersrelaties',2),(92,1,'15.1.2','Addressing security within supplier agreements','Opnemen van beveiligingsaspecten in leveranciersovereenkomsten',2),(93,1,'15.1.3','Information and communication technology supply chain','Toeleveringsketen van informatie- en communicatietechnologie',2),(94,1,'15.2.1','Monitoring and review of supplier services','Monitoring en beoordeling van dienstverlening van leveranciers',2),(95,1,'15.2.2','Managing changes to supplier services','Beheer van veranderingen in dienstverlening van leveranciers',2),(96,1,'16.1.1','Responsibilities and procedures','Verantwoordelijkheden en procedures',2),(97,1,'16.1.2','Reporting information security events','Rapportage van informatiebeveiligingsgebeurtenissen',2),(98,1,'16.1.3','Reporting information security weaknesses','Rapportage van zwakke plekken in de informatiebeveiliging',0),(99,1,'16.1.4','Assessment of and decision on information security events','Beoordeling van en besluitvorming over informatiebeveiligingsgebeurtenissen',1),(100,1,'16.1.5','Response to information security incidents','Respons op informatiebeveiligingsincidenten',1),(101,1,'16.1.6','Learning from information security incidents','Lering uit informatiebeveiligingsincidenten',2),(102,1,'16.1.7','Collection of evidence','Verzamelen van bewijsmateriaal',1),(103,1,'17.1.1','Planning information security continuity','Informatiebeveiligingscontinuïteit plannen',1),(104,1,'17.1.2','Implementing information security continuity','Informatiebeveiligingscontinuïteit implementeren',1),(105,1,'17.1.3','Verify, review and evaluate information security continuity','Informatiebeveiligingscontinuïteit verifiëren, beoordelen en evalueren',1),(106,1,'17.2.1','Availability of information processing facilities','Beschikbaarheid van informatieverwerkende faciliteiten',1),(107,1,'18.1.1',' Identification of applicable legislation and contractual requirements','Vaststellen van toepasselijke wetgeving en contractuele eisen',2),(108,1,'18.1.2','Intellectual property rights','Intellectuele-eigendomsrechten',2),(109,1,'18.1.3','Protection of records','Beschermen van registraties',2),(110,1,'18.1.4','Privacy and protection of personally identifiable information','Privacy en bescherming van persoonsgegevens',2),(111,1,'18.1.5','Regulation of cryptographic controls','Voorschriften voor het gebruik van cryptografische beheersmaatregelen',2),(112,1,'18.2.1','Independent review of information security','Onafhankelijke beoordeling van informatiebeveiliging',2),(113,1,'18.2.2','Compliance with security policies and standards','Naleving van beveiligingsbeleid en -normen',2),(114,1,'18.2.3','Technical compliance review','Beoordeling van technische naleving',2),(115,2,'5.1','Policies for information security','Beleidsregels voor informatiebeveiliging',2),(116,2,'5.2','Information security roles and responsibilities','Rollen en verantwoordelijkheden bij informatiebeveiliging',2),(117,2,'5.3','Segregation of duties','Functiescheiding',0),(118,2,'5.4','Management responsibilities','Managementverantwoordelijkheden',0),(119,2,'5.5','Contact with authorities','Contact met overheidsinstanties',2),(120,2,'5.6','Contact with special interest groups','Contact met speciale belangengroepen',2),(121,2,'5.7','Threat intelligence','Informatie over informatiebeveiligingsdreigingen',2),(122,2,'5.8','Information security in project management','Informatiebeveiliging in projectmanagement',2),(123,2,'5.9','Inventory of information and other associated assets','Inventarisatie van informatie en andere gerelateerde bedrijfsmiddelen',2),(124,2,'5.10','Acceptable use of information and other associated assets','Aanvaard gebruik van informatie en andere gerelateerde bedrijfsmiddelen',0),(125,2,'5.11','Return of assets','Retourneren van bedrijfsmiddelen',0),(126,2,'5.12','Classification of information','Classificeren van informatie',0),(127,2,'5.13','Labelling of information','Labelen van informatie',0),(128,2,'5.14','Information transfer','Overdragen van informatie',0),(129,2,'5.15','Access control','Toegangsbeveiliging',2),(130,2,'5.16','Identity management','Identiteitsbeheer',0),(131,2,'5.17','Authentication information','Beheren van authenticatie informatie',0),(132,2,'5.18','Access rights','Toegangsrechten',0),(133,2,'5.19','Information security in supplier relationships','Informatiebeveiliging in leveranciersrelaties',2),(134,2,'5.20','Addressing information security within supplier agreements','Adresseren van informatiebeveiliging in leveranciersovereenkomsten',2),(135,2,'5.21','Managing information security in the ICT supply chain','Beheren van informatiebeveiliging in de ICT-keten',2),(136,2,'5.22','Monitoring, review and change management of supplier services','Monitoren, beoordelen en het beheren van wijzigingen op van leveranciersdiensten',2),(137,2,'5.23','Information security for use of cloud services','Informatiebeveiliging voor het gebruik van clouddiensten',0),(138,2,'5.24','Information security incident management planning and preparation','Plannen en voorbereiden van het beheer van informatiebeveiligingsincidenten',2),(139,2,'5.25','Assessment and decision on information security events','Beoordelen van en besluiten over informatiebeveiligingsgebeurtenissen',1),(140,2,'5.26','Response to information security incidents','Reageren op informatiebeveiligingsincidenten',1),(141,2,'5.27','Learning from information security incidents','Leren van informatiebeveiligingsincidenten',2),(142,2,'5.28','Collection of evidence','Verzamelen van bewijsmateriaal',1),(143,2,'5.29','Information security during disruption','Informatiebeveiliging tijdens een verstoring',1),(144,2,'5.30','ICT readiness for business continuity','ICT-gereedheid voor bedrijfscontinuïteit',0),(145,2,'5.31','Legal, statutory, regulatory and contractual requirements','Wettelijke, statutaire, regelgevende en contractuele eisen',2),(146,2,'5.32','Intellectual property rights','Intellectuele eigendomsrechten',2),(147,2,'5.33','Protection of records','Beschermen van registraties',2),(148,2,'5.34','Privacy and protection of PII','Privacy en bescherming van persoonsgegevens',2),(149,2,'5.35','Independent review of information security','Onafhankelijke beoordeling van informatiebeveiliging',2),(150,2,'5.36','Conformance with policies, rules and standards for information security','Naleving van beleid, regels en normen voor informatiebeveiliging',2),(151,2,'5.37','Documented operating procedures','Gedocumenteerde bedieningsprocedures',2),(152,2,'6.1','Screening','Screening',0),(153,2,'6.2','Terms and conditions of employment','Arbeidsovereenkomst',2),(154,2,'6.3','Information security awareness, education and training','Bewustwording, opleiding en training op informatiebeveiliging',2),(155,2,'6.4','Disciplinary process','Disciplinaire procedure',0),(156,2,'6.5','Responsibilities after termination or change of employment','Verantwoordelijkheden na beëindiging of wijziging van het dienstverband',0),(157,2,'6.6','Confidentiality or non-disclosure agreements','Vertrouwelijkheids- of geheimhoudingsovereenkomsten',2),(158,2,'6.7','Remote working','Werken op afstand',2),(159,2,'6.8','Information security event reporting','Melden van informatiebeveiligingsgebeurtenissen',2),(160,2,'7.1','Physical security perimeters','Fysieke beveiligingszones',2),(161,2,'7.2','Physical entry','Fysieke toegangsbeveiliging',2),(162,2,'7.3','Securing offices, rooms and facilities','Beveiligen van kantoren, ruimten en faciliteiten',2),(163,2,'7.4','Physical security monitoring','Monitoren van de fysieke beveiliging',0),(164,2,'7.5','Protecting against physical and environmental threats','Beschermen tegen fysieke en omgevings dreigingen',1),(165,2,'7.6','Working in secure areas','Werken in beveiligde gebieden',0),(166,2,'7.7','Clear desk and clear screen','\'Clear desk\' en \'clear screen\'',0),(167,2,'7.8','Equipment siting and protection','Plaatsen en beschermen van apparatuur',0),(168,2,'7.9','Security of assets off-premises','Beveiligen van bedrijfsmiddelen buiten het terrein',2),(169,2,'7.10','Storage media','Opslagmedia',2),(170,2,'7.11','Supporting utilities','Nutsvoorzieningen',0),(171,2,'7.12','Cabling security','Beveiligen van bekabeling',0),(172,2,'7.13','Equipment maintenance','Onderhoud van apparatuur',0),(173,2,'7.14','Secure disposal or re-use of equipment','Veilig verwijderen of hergebruiken van apparatuur',0),(174,2,'8.1','User endpoint devices','Gebruikersapparatuur',2),(175,2,'8.2','Privileged access rights','Speciale toegangsrechten',0),(176,2,'8.3','Information access restriction','Beperking toegang tot informatie',2),(177,2,'8.4','Access to source code','Toegangsbeveiliging op broncode',2),(178,2,'8.5','Secure authentication','Beveiligde authenticatie',2),(179,2,'8.6','Capacity management','Capaciteitsbeheer',0),(180,2,'8.7','Protection against malware','Bescherming tegen malware',0),(181,2,'8.8','Management of technical vulnerabilities','Beheer van technische kwetsbaarheden',2),(182,2,'8.9','Configuration management','Configuratiebeheer',0),(183,2,'8.10','Information deletion','Wissen van informatie',0),(184,2,'8.11','Data masking','Maskeren van gegevens',0),(185,2,'8.12','Data leakage prevention','Voorkomen van gegevenslekken',0),(186,2,'8.13','Information backup','Back-up van informatie',1),(187,2,'8.14','Redundancy of information processing facilities','Redundantie van informatieverwerkende faciliteiten',1),(188,2,'8.15','Logging','Gebeurtenisregistratie',2),(189,2,'8.16','Monitoring activities','Monitoren van activiteiten',0),(190,2,'8.17','Clock synchronization','Kloksynchronisatie',0),(191,2,'8.18','Use of privileged utility program','Gebruik van speciale systeemhulpmiddelen',2),(192,2,'8.19','Installation of software on operational systems','Installeren van software op operationele systemen',2),(193,2,'8.20','Networks security','Beveiliging netwerkcomponenten',2),(194,2,'8.21','Security of network services','Beveiliging van netwerkdiensten',2),(195,2,'8.22','Segregation of networks','Netwerksegmentatie',0),(196,2,'8.23','Web filtering','Toepassen van webfilters',0),(197,2,'8.24','Use of cryptography','Gebruik van cryptografie',2),(198,2,'8.25','Secure development life cycle','Beveiligen tijdens de ontwikkelcyclus',0),(199,2,'8.26','Application security requirements','Toepassingsbeveiligingseisen',2),(200,2,'8.27','Secure system architecture and engineering principles','Principes voor de engineering van beveiligde systemen en systeemarchitecturen',2),(201,2,'8.28','Secure coding','Veilige software ontwikkelen',2),(202,2,'8.29','Security testing in development and acceptance','Testen van de beveiliging tijdens ontwikkeling en acceptatie',2),(203,2,'8.30','Outsourced development','Uitbestede systeemontwikkeling',0),(204,2,'8.31','Separation of development, test and production environments','Scheiding van ontwikkel-, test- en productieomgevingen',0),(205,2,'8.32','Change management','Wijzigingsbeheer',2),(206,2,'8.33','Test information','Testgegevens',0),(207,2,'8.34','Protection of information systems during audit testing','Bescherming van informatiesystemen tijdens audit',2),(208,3,'1.1','Information Security Plan','Information Security Plan',2),(209,3,'1.2','Information Security policies and procesmanagement','Information Security policies and procesmanagement',2),(210,3,'2.1','Information Security Architecture','Information Security Architecture',2),(211,3,'2.2','Data classification scheme','Data classification scheme',2),(212,3,'3.1','Risks and opportunities of future trends and regulations','Risks and opportunities of future trends and regulations',2),(213,3,'3.2','Technical standards','Technical standards',2),(214,3,'4.1','ICT-Risk Management Framework','ICT-Risk Management Framework',2),(215,3,'4.2','Risk assessment','Risk assessment',2),(216,3,'4.3','Maintenance and monitoring of a risk action plan','Maintenance and monitoring of a risk action plan',2),(217,3,'5.1','Responsibility for risk, security, compliance and Information Security function','Responsibility for risk, security, compliance and Information Security function',2),(218,3,'5.2','Management of information security and tasks of the information security function','Management of information security and tasks of the information security function',2),(219,3,'6.1','Data and system ownership','Data and system ownership',2),(220,3,'7.1','Segregation of duties','Segregation of duties',2),(221,3,'8.1','Personnel recruitment and retention','Personnel recruitment and retention',0),(222,3,'8.2','Personnel competencies and culture','Personnel competencies and culture',0),(223,3,'8.3','Dependence upon individuals','Dependence upon individuals',0),(224,3,'8.4','Personnel clearance procedures','Personnel clearance procedures',0),(225,3,'8.5','Job change and termination','Job change and termination',2),(226,3,'9.1','Knowledge transfer to end users','Knowledge transfer to end users',2),(227,3,'9.2','Knowledge transfer to operations and support staff','Knowledge transfer to operations and support staff',2),(228,3,'9.3','Employee awareness','Employee awareness',2),(229,3,'10.1','Change standards and procedures','Change standards and procedures',0),(230,3,'10.2','Impact assessment, prioritisation and authorisation','Impact assessment, prioritisation and authorisation',0),(231,3,'10.3','Test environment','Test environment',0),(232,3,'10.4','Testing of change','Testing of change',0),(233,3,'10.5','Promotion to production','Promotion to production',0),(234,3,'11.1','ICT Business impact analysis and ICT Continuity plans','ICT Business impact analysis and ICT Continuity plans',1),(235,3,'11.2','Testing of the ICT Continuity plan','Testing of the ICT Continuity plan',1),(236,3,'11.3','Uncompromisable back-up storage','Uncompromisable back-up storage',1),(237,3,'11.4','Restoration','Restoration',1),(238,3,'12.1','Storage and retention arrangements','Storage and retention arrangements',2),(239,3,'12.2','Disposal','Disposal',0),(240,3,'12.3','Security requirements for data management','Security requirements for data management',2),(241,3,'13.1','Configuration repository and baseline','Configuration repository and baseline',2),(242,3,'13.2','Identification and Maintenance of Configuration Items','Identification and Maintenance of Configuration Items',2),(243,3,'14.1','Third party and supplier services management','Third party and supplier services management',2),(244,3,'14.2','Third party and supplier risk management','Third party and supplier risk management',2),(245,3,'15.1','Security incident policy and definition','Security incident policy and definition',2),(246,3,'15.2','Incident escalation','Incident escalation',1),(247,3,'16.1','Security testing, surveillance and monitoring','Security testing, surveillance and monitoring',2),(248,3,'16.2','Monitoring of internal control framework','Monitoring of internal control framework',2),(249,3,'16.3','Internal control at third parties','Internal control at third parties',2),(250,3,'16.4','Evaluation of compliance with external requirements','Evaluation of compliance with external requirements',2),(251,3,'16.5','Independent assurance','Independent assurance',2),(252,3,'17.1','Identity & Access Management','Identity & Access Management',2),(253,3,'17.2','User account management','User account management',2),(254,3,'18.1','Infrastructure resource protection and availability','Infrastructure resource protection and availability',2),(255,3,'18.2','Infrastructure maintenance','Infrastructure maintenance',2),(256,3,'18.3','Cryptography and Cryptographic key management','Cryptography and Cryptographic key management',2),(257,3,'18.4','Network Security','Network Security',2),(258,3,'18.5','Protection of sensitive data','Protection of sensitive data',2),(259,3,'19.1','Malicious software prevention, detection and correction','Malicious software prevention, detection and correction',2),(260,3,'19.2','Vulnerability management','Vulnerability management',2),(261,3,'19.3','Application Maintenance','Application Maintenance',2),(262,3,'20.1','Protection of security technology','Protection of security technology',2),(263,3,'21.1','Physical security measures','Physical security measures',2),(264,3,'21.2','Physical access','Physical access',2),(265,3,'22.1','Penetration testing and ethical hacking','Penetration testing and ethical hacking',2);
/*!40000 ALTER TABLE `controls` ENABLE KEYS */;
UNLOCK TABLES;

--
-- Table structure for table `languages`
--

DROP TABLE IF EXISTS `languages`;
/*!40101 SET @saved_cs_client     = @@character_set_client */;
/*!40101 SET character_set_client = utf8 */;
CREATE TABLE `languages` (
  `id` int(10) unsigned NOT NULL AUTO_INCREMENT,
  `module` varchar(50) NOT NULL,
  `name` varchar(50) NOT NULL,
  `javascript` tinyint(1) NOT NULL,
  `en` text NOT NULL,
  `nl` text NOT NULL,
  PRIMARY KEY (`id`),
  UNIQUE KEY `page` (`module`,`name`)
) ENGINE=MyISAM DEFAULT CHARSET=utf8mb3 COLLATE=utf8mb3_general_ci;
/*!40101 SET character_set_client = @saved_cs_client */;

--
-- Dumping data for table `languages`
--
-- ORDER BY:  `id`

LOCK TABLES `languages` WRITE;
/*!40000 ALTER TABLE `languages` DISABLE KEYS */;
INSERT INTO `languages` VALUES (1,'dashboard','not_accepted_risks',0,'Non-accepted risks','Niet geaccepteerde risico\'s'),(2,'dashboard','level',0,'Level','Niveau'),(3,'dashboard','count',0,'Count','Aantal'),(4,'*','urgency',0,'Urgency','Urgentie'),(5,'dashboard','selected_controls',0,'Selected controls','Geselecteerde controls'),(6,'dashboard','dashboard',0,'Dashboard','Dashboard'),(7,'dashboard','risks_to_information_systems',0,'Risks to information systems','Risico\'s voor informatiesystemen'),(8,'*','information_system',0,'Information system','Informatiesysteem'),(9,'dashboard','control_implementation_progress',0,'Control implementation progress','Voortgang van de control-implementatie'),(10,'dashboard','menu',0,'Menu','Menu'),(11,'dashboard','menu_bia',0,'BIA','BIA'),(12,'dashboard','menu_actors',0,'Actors','Actoren'),(13,'dashboard','menu_cases',0,'Cases','Casussen'),(14,'dashboard','menu_data_management',0,'Data management','Databeheer'),(15,'dashboard','menu_advisor',0,'Advisor','Adviseur'),(16,'dashboard','act_as_advisor',0,'You now act as an advisor for %s.','U treedt nu op als adviseur voor %s'),(17,'*','confidentiality',0,'Confidentiality','Vertrouwelijkheid'),(18,'*','integrity',0,'Integrity','Integriteit'),(19,'*','availability',0,'Availability','Beschikbaarheid'),(20,'*','value',0,'Value','Waarde'),(21,'*','owner',0,'Owner','Eigenaar'),(22,'*','pii',0,'PII','PII'),(23,'*','location',0,'Location','Locatie'),(24,'*','btn_back',0,'Back','Terug'),(25,'*','description',0,'Description','Omschrijving'),(26,'*','btn_cancel',0,'Cancel','Afbreken'),(27,'*','are_you_sure',0,'Are you sure?','Weet u het zeker?'),(28,'*','menu_dashboard',0,'Dashboard','Dashboard'),(29,'*','menu_documentation',0,'Documentation','Documentatie'),(30,'*','menu_riskmatrix',0,'Risk matrix','Risicomatrix'),(31,'*','menu_links',0,'Links','Koppelingen'),(32,'*','menu_logout',0,'Logout','Uitloggen'),(33,'bia','impact_of_incident',0,'Impact towards C, I and/or A in case of an incident','Impact van aantasting B, I en/of V bij incident'),(34,'bia','assigned_to_owner',0,'Information system is assigned to an owner','Informatiesysteem is toegewezen aan een eigenaar'),(35,'bia','contains_pii',0,'Information system contains personal identifiable information (PII)','Informatiesysteem bevat persoonsgegevens'),(36,'bia','btn_save_information_system',0,'Save information system','Informatiesysteem opslaan'),(37,'bia','btn_delete_information_system',0,'Delete information system','Informatiesysteem verwijderen'),(38,'bia','error_information_system_not_found',0,'Information system not found.','Informatiesysteem niet gevonden.'),(39,'bia','error_creating_information_system',0,'Error while creating the information system.','Fout bij het aanmaken van het informatiesysteem.'),(40,'bia','error_updating_information_system',0,'Error while updating the information system.','Fout bij het bijwerken van het informatiesysteem.'),(41,'bia','error_deleting_information_system',0,'Error while deleting the information system.','Fout bij het verwijderen van het informatiesysteem.'),(42,'*','yes',0,'yes','ja'),(43,'*','no',0,'no','nee'),(44,'bia','error_part_of_scope',0,'This information system is part of the scope of %d risk analyses.','Dit informatiesysteem is onderdeel van de scope van %d risicoanalyses.'),(45,'bia','error_specify_name',0,'Specify the name of the information system.','Specificeer de naam van het informatiesysteem.'),(46,'bia','error_name_too_long',0,'Information system name is too long. Maximum of 150 characters.','De naam van het informatiesysteem is te lang. Maximaal 150 characters.'),(47,'*','btn_help',1,'Help','Help'),(48,'data','data_management',0,'Datamanagement','Databeheer'),(49,'data','export_data',0,'Export data','Data exporteren'),(50,'data','import_data',0,'Import data','Data importeren'),(51,'data','btn_browse',0,'Browse','Bladeren'),(52,'data','btn_export',0,'Export','Exporteren'),(53,'data','btn_import',0,'Import','Importeren'),(54,'data','are_you_sure',0,'This action replaces all current data (BIA, actors en cases) with the ones from the import file. Continue?','Deze stap vervangt alle huidige data (BIA, actoren en casussen) met die uit het import-bestand. Doorgaan?'),(55,'data','data_imported',0,'The data from the file has been imported.','De data uit het bestand is geïmporteerd.'),(56,'data','error_import_error',0,'Error while importing the data.','Fout bij het importeren van de data.'),(57,'data','error_no_file',0,'No file was uploaded.','Er is geen bestand geüpload.'),(58,'data','error_missing_users',0,'The progress data contained references to users who are not present in the system. These are users with the following usernames: %s. The missing users and their roles have been added in the information field of the respective progress tasks. You can choose to create the missing users and re-import the data. The progress tasks will then be assigned to those users.','De voortgangsgegevens bevatten verwijzingen naar gebruikers die niet in het systeem aanwezig zijn. Dit zijn gebruikers met de volgende gebruikersnamen: %s. De ontbrekende gebruikers en hun rollen zijn toegevoegd in het informatieveld van de betreffende voortgangstaken. U kunt ervoor kiezen om de ontbrekende gebruikers aan te maken en de data opnieuw te importeren. De voortgangstaken worden vervolgens aan die gebruikers toegewezen.'),(59,'advisor','advisor_role',0,'Advisor role','Adviseursrol'),(60,'advisor','organisation',0,'Organisation','Organisatie'),(61,'advisor','status',0,'Status','Status'),(62,'advisor','request_advisor_role',0,'Request advisor role','Adviseursrol aanvragen'),(63,'data','help_text',0,'<p>You are responsible for securing your risk assessments. Therefore, always make an export of your data after performing a risk analysis. An export contains the BIAs, the actors and the risk analyses. User data is not exported.</p>\r\n<p>When importing a RAVIB export, the existing BIA, actors and risk analysis cases are first removed.</p>','<p>U bent zelf verantwoordelijk voor het veiligstellen van uw risicoanalyses. Maak daarom altijd een export van uw gegevens na het uitvoeren van een risicoanalyse. Een export bevat de BIA\'s, de actoren en de risicoanalyses. Gebruikersgegevens worden niet geëxporteerd.</p>\r\n<p>Bij het importeren van een RAVIB-export worden eerst de bestaande BIA\'s, actoren en risicoanalysegevallen verwijderd.</p>'),(64,'advisor','help_text',0,'In RAVIB it is possible to act as an information security advisor for another organization. On this page you can submit a request to access the risk analyzes of that other organization.','In RAVIB is het mogelijk om als informatiebeveiligingsadviseur voor een andere organisatie op te treden. Op deze pagina kunt u een verzoek indienen om de risicoanalyses van die andere organisatie in te zien.'),(65,'advisor','request_role',0,'To request the advisor role for an organization, please provide below the RAVIB username or email address of your contact person at the organization for which you wish to act as an advisor.','Om de rol van adviseur voor een organisatie aan te vragen, vult u hieronder de RAVIB-gebruikersnaam of het e-mailadres in van uw contactpersoon bij de organisatie waarvoor u als adviseur wilt optreden.'),(66,'advisor','btn_request',0,'Request','Aanvragen'),(67,'advisor','btn_activate',0,'Activate','Activeren'),(68,'advisor','btn_deactivate',0,'Deactivate','Deactiveren'),(69,'advisor','btn_remove',0,'Remove','Verwijderen'),(70,'advisor','role_activated',0,'Role activated.','Rol geactiveerd.'),(71,'advisor','role_removed',0,'Role removed.','Rol verwijderd.'),(72,'advisor','role_deactivated',0,'Role deactivated.','Rol gedeactiveerd.'),(73,'advisor','request_sent',0,'Your request has been sent.','Uw verzoek is verstuurd.'),(74,'advisor','error_user_not_found',0,'User not found.','Gebruiker niet gevonden.'),(75,'advisor','error_already_advisor',0,'You can already act as an advisor for that organization.','U treedt al op als een adviseur voor die organisatie.'),(76,'advisor','username_or_email',0,'Username or e-mail address','Gebruikersnaam of e-mailadres'),(77,'advisor','requested',0,'Requested','Aangevraagd'),(78,'dashboard','help_text',0,'<p>The dashboard provides an overview of the threats and controls from all active risk analyses. The ready marking in the progress module has been taken into account.</p>\r\n<p>The progress bar has the following colors: green for implemented controls, yellow for scheduled controls, red for scheduled controls of which the deadline has passed and black for non-scheduled controls.</p>','<p>Het dashboard geeft een overzicht van de bedreigingen en controls van alle actieve risicoanalyses. De gereedmarkering in de voortgangsmodule is daarbij meegenomen.</p>\r\n<p>De voortgangsbalk heeft de volgende kleuren: groen voor geïmplementeerde controls, geel voor ingeplande controls, rood voor ingeplande controls waarvan de deadline is verstreken en zwart voor niet-ingeplande controls.</p>'),(79,'bia','help_text',0,'<p>Use this page to specify the information systems that qualify for a risk analysis. Below is an explanation of the terms used.</p>\r\n<h3>Availability</h3>\r\n<ul>\r\n<li><b>Normal:</b> The information and/or the system is not necessary for the execution of a primary process.</li>\r\n<li><b>Important:</b> The information and/or the system is necessary to a limited extent for the execution of a primary process.</li>\r\n<li><b>Crucial:</b> The information and/or the system is indispensable for the execution of a primary process.</li>\r\n</ul>\r\n<h3>Integrity</h3>\r\n<ul>\r\n<li><b>Normal:</b> The information is not necessary for the execution of a primary process.</li>\r\n<li><b>Important:</b> The integrity of the information is necessary for the execution of a primary process.</li>\r\n<li><b>Crucial:</b> The integrity of the information is necessary for the execution of a primary process and must be provable.</li>\r\n</ul>\r\n<h3>Confidentiality</h3>\r\n<ul>\r\n<li><b>Public:</b> The information may be viewed by anyone.</li>\r\n<li><b>Internal:</b> The information may only be viewed by employees and possibly a select number of business partners.</li>\r\n<li><b>Confidential:</b> Information may only be viewed by a select number of employees. Breach of confidentiality has a serious impact on one\'s own organization. Confidentiality may be enforced by (privacy) legislation.</li>\r\n<li><b>Secret:</b> The information may only be viewed by a select number of employees. Breach of confidentiality has a serious impact on one\'s own organization, but also on other organizations or people. Confidentiality may be enforced by law (state secrets).</li>\r\n</ul>\r\n<h3>Impact in case of incident</h3>\r\n<p>If a value other than the lowest possible is entered for availability, integrity and/or confidentiality, describe here what the impact of an incident is on the organization.</p>\r\n<h3>Value</h3>\r\n<p>The value of the information system is automatically determined based on the entered availability, integrity and confidentiality.</p>\r\n<h3>Owner</h3>\r\n<p>Owner refers to a system owner. A system owner is responsible for arranging the budget, setting up a management system, making SLA agreements with the ICT department / supplier, drawing up the authorization matrix, ensuring compliance with privacy legislation (data breach reporting obligation), drawing up an emergency plan for problems with C, I and/or A, taking care of documentation and having a vision for the future.</p>\r\n<h3>PII (Personal Identifiable Information)</h3>\r\n<p>The system contains personal data, so the General Data Protection Regulation applies to this system. Use the result of this risk analysis during a DPIA to determine whether you comply.</p>\r\n<h3>Location</h3>\r\n<ul>\r\n<li><b>Internal:</b> Application runs on its own system and is managed by its own organization.</li>\r\n<li><b>External:</b> Application runs on an external system or within a third-party infrastructure, but is managed by its own organization.</li>\r\n<li><b>SAAS:</b> Application runs on third party system and is managed by that third party.</li>\r\n</ul>','<p>Via deze pagina geeft u de informatiesystemen op die in aanmerking komen voor een risicoanalyse. Hieronder staat uitleg bij de gebruikte termen.</p>\r\n<h3>Beschikbaarheid</h3>\r\n<ul>\r\n<li><b>Normaal:</b> De informatie en/of het systeem is niet nodig voor de uitvoering van een primair proces.</li>\r\n<li><b>Belangrijk:</b> De informatie en/of het systeem is in beperkte mate noodzakelijk voor de uitvoering van een primair proces.</li>\r\n<li><b>Cruciaal:</b> De informatie en/of het systeem is onmisbaar voor de uitvoering van een primair proces.</li>\r\n</ul>\r\n<h3>Integriteit</h3>\r\n<ul>\r\n<li><b>Normaal:</b> De informatie is niet nodig voor de uitvoering van een primair proces.</li>\r\n<li><b>Belangrijk:</b> De integriteit van de informatie is noodzakelijk voor de uitvoering van een primair proces.</li>\r\n<li><b>Cruciaal:</b> De integriteit van de informatie is noodzakelijk voor de uitvoering van een primair proces en dient aantoonbaar te zijn.</li>\r\n</ul>\r\n<h3>Vertrouwelijkheid</h3>\r\n<ul>\r\n<li><b>Openbaar:</b> De informatie mag door iedereen ingezien worden.</li>\r\n<li><b>Intern:</b> De informatie mag alleen door eigen medewerkers en eventueel een select aantal zakelijke partners ingezien worden.</li>\r\n<li><b>Vertrouwelijk:</b> Informatie mag alleen door een select aantal eigen medewerkers ingezien worden. Inbreuk op de vertrouwelijkheid heeft een serieuze impact op de eigen organisatie. Vertrouwelijkheid is mogelijk afgedwongen door (privacy)wetgeving.</li>\r\n<li><b>Geheim:</b> De informatie mag alleen door een select aantal eigen medewerkers ingezien worden. Inbreuk op de vertrouwelijkheid heeft een serieuze impact op de eigen organisatie, maar ook op andere instanties. Vertrouwelijkheid is mogelijk afgedwongen door wetgeving (staatsgeheimen).</li>\r\n</ul>\r\n<h3>Impact bij incident</h3>\r\n<p>Indien voor de beschikbaarheid, integriteit en/of vertrouwelijkheid een andere waarde is ingevuld dan de laagst mogelijke, beschrijf dan hier wat de impact van een incident is op de organisatie.</p>\r\n<h3>Waarde</h3>\r\n<p>De waarde van het informatiesysteem wordt automatisch bepaald op basis van de ingevulde beschikbaarheid, integriteit en vertrouwelijkheid.</p>\r\n<h3>Eigenaar</h3>\r\n<p>Met eigenaar wordt een systeemeigenaar bedoeld. Een systeemeigenaar is verantwoordelijk voor het regelen budget, optuigen van een beheerorganisatie, het maken van SLA afspraken met de ICT-afdeling / leverancier, het opstellen van de autorisatiematrix, zorgen voor het voldoen aan de privacywetgeving (meldplicht datalekken), het opstellen noodplan voor problemen met B, I en/of V, het zorgdragen voor documentatie en het hebben van toekomstvisie.</p>\r\n<h3>Pgs (Persoonsgegevens)</h3>\r\n<p>Het systeem bevat persoonsgegevens, waardoor de Algemene Verorderning Gegevensbescherming van toepassing is op dit systeem. Gebruik het resultaat van deze risicoanalyse tijdens een <a href=\"https://www.privacy-friendly.nl/dpia\" target=\"_blank\">DPIA</a> om te bepalen of u daaraan voldoet.</p>\r\n<h3>Locatie</h3>\r\n<ul>\r\n<li><b>Intern:</b> Applicatie draait op eigen systeem en wordt door eigen organisatie beheerd.</li>\r\n<li><b>Extern:</b> Applicatie draait op extern systeem of binnen infrastructuur van derden, maar wordt door eigen organisatie beheerd.</li>\r\n<li><b>SAAS:</b> Applicatie draait op systeem van derde partij en wordt door die derde partij beheerd.</li>\r\n</ul>\r\n\r\n<p>Lees over het belang van <a href=\"https://www.ravib.nl/publicaties/informatiemanagement\" target=\"_blank\">zicht en grip op informatie</a> voor informatiebeveiliging.</p>'),(80,'links','threats',0,'Threats','Dreigingen'),(81,'links','controls',0,'Controls','Controls'),(82,'links','links',0,'Links between threats and controls','Koppelingen tussen dreigingen en controls'),(86,'links','threats_header_1',0,'All threats and their linked','Alle dreigingen en hun gekoppelde'),(87,'links','threats_header_2',0,'controls.','controls.'),(88,'links','controls_header_1',0,'All','Alle'),(89,'links','controls_header_2',0,'controls and their linked threats.','controls en hun gekoppelde dreigingen.'),(90,'*','standard',0,'Standard','Standaard'),(91,'*','reduces_1',0,'Reduces the','Vermindert de'),(92,'*','reduces_2',0,'of an incident.','van een incident.'),(93,'logout','logout',0,'Logout','Uitloggen'),(94,'logout','now_logged_out',0,'You are now logged out.','U bent nu uitgelogd.'),(95,'logout','not_logged_in',0,'You are not logged in.','U bent niet ingelogd.'),(96,'*','redirect_1',0,'Click','Klik'),(97,'*','redirect_2',0,'here','hier'),(98,'*','redirect_3',0,'to continue or wait','om door te gaan of wacht'),(99,'*','redirect_4',0,'seconds to be redirected.','seconden om doorgestuurd te worden.'),(100,'banshee/login','username',0,'Username','Gebruikersnaam'),(101,'banshee/login','password',0,'Password','Wachtwoord'),(102,'banshee/login','login',0,'Login','Inloggen'),(103,'banshee/login','authenticator_code',0,'Authenticator code','Authenticatorcode'),(104,'banshee/login','only_required_when_enabled',0,'Only required when enabled for your account.','Alleen noodzakelijk indien ingesteld voor uw account.'),(105,'banshee/login','bind_session_to_ip',0,'Bind session to IP address','Koppel sessie aan IP-adres'),(106,'banshee/login','register_1',0,'Click','Klik'),(107,'banshee/login','register_2',0,'here','hier'),(108,'banshee/login','register_3',0,'to create a new account.','om een nieuw account aan te maken.'),(109,'banshee/login','resend_1',0,'You tried to send data to this website while you are not logged in or your session was expired. If you want to resubmit that data, check the box below. If you reached this page via a web form on another website, don\'t login! An attacker possibly tries to change data in your account via this submit.','U hebt geprobeerd gegevens naar deze website te sturen terwijl u niet was ingelogd of uw sessie was verlopen. Als u die gegevens opnieuw wilt verzenden, vinkt u het onderstaande vakje aan. Als u deze pagina via een webformulier op een andere website hebt bereikt, log dan niet in! Een aanvaller probeert mogelijk gegevens in uw account te wijzigen via deze verzendoptie'),(110,'banshee/login','resend_2',0,'Resend data from previous submit','Gegevens opnieuw verzenden vanaf vorige indiening'),(111,'banshee/login','error_login_incorrect',0,'Login incorrect.','Inlog onjuist.'),(112,'*','btn_next',0,'Next >>','Volgende >>'),(113,'*','btn_previous',0,'Previous <<','Vorige <<'),(114,'*','btn_submit',0,'Submit','Opsturen'),(115,'register','btn_submit',0,'Register','Registreren'),(116,'banshee/login','btn_login',0,'Login','Inloggen'),(117,'session','session_manager',0,'Session manager','Sessiebeheer'),(118,'session','btn_logout',0,'Logout','Uitloggen'),(119,'session','ip_address',0,'IP address','IP-adres'),(120,'session','expire_date',0,'Expire date','Vervaldatum'),(121,'session','ip_binded',0,'IP bindend','IP gekoppeld'),(122,'session','name',0,'Name','Naam'),(123,'session','error_name_too_long',0,'Session name too long.','Sessienaam is te lang.'),(124,'session','btn_update_session',0,'Update session','Sessie bijwerken'),(125,'session','btn_delete_session',0,'Delete session','Sessie verwijderen'),(126,'account','name',0,'Name','Naam'),(127,'account','email_address',0,'E-mail address','E-mailadres'),(128,'account','organisation',0,'Organisation','Organisatie'),(129,'account','current_password',0,'Current password','Huidige wachtwoord'),(130,'account','new_password',0,'New password','Nieuw wachtwoord'),(131,'account','repeat_password',0,'Repeat password','Herhaal wachtwoord'),(132,'account','not_changed_when_empty',0,'will not be changed when left empty','wordt niet aangepast indien leeg'),(133,'account','recent_account_activity',0,'Recent account activity','Recentelijke accountactiviteit'),(134,'account','ip_address',0,'IP address','IP-adres'),(135,'account','date_time',0,'Date / time','Datum / tijd'),(136,'account','activity',0,'Activity','Activiteit'),(137,'account','btn_delete_account',0,'Delete account','Account verwijderen'),(138,'account','btn_update_account',0,'Update account','Account bijwerken'),(139,'account','account_deleted',0,'Your account has been deleted. You are now logged out.','Uw account is verwijderd. U bent nu uitgelogd.'),(140,'account','account_updated',0,'Your account has been updated.','Uw account is bijgewerkt.'),(141,'account','change_password',0,'Please, change your password.','Wijzig a.u.b. uw wachtwoord.'),(142,'account','error_fill_in_your_name',0,'Fill in your name.','Vul uw naam in.'),(143,'account','error_invalid_email_address',0,'Invalid e-mail address.','Ongeldig e-mailadres.'),(144,'account','error_email_address_exists',0,'The e-mail address already exists.','Het e-mailadres bestaat al.'),(145,'account','error_current_password_too_long',0,'The current password is too long.','Het huidige wachtwoord is te lang.'),(146,'account','error_current_password_incorrect',0,'The current password is incorrect.','Het huidige wachtwoord is onjuist.'),(147,'*','error_password_too_long',0,'The password is too long.','Het wachtwoord is te lang.'),(148,'*','error_password_too_short',0,'The password must consist of at least %d characters.','Het wachtwoord moet minimaal %d tekens lang zijn.'),(149,'*','error_password_invalid_format',0,'The password must contain a letter, a number and a special character.','Het wachtwoord moet minimaal een letter en een cijfer of leesteken bevatten.'),(150,'account','error_password_mismatch',0,'The new passwords do not match.','De nieuwe wachtwoorden komen niet overeen.'),(151,'account','error_password_not_different',0,'The new password must be different from current password.','Het nieuwe wachtwoord moet anders zijn dan het huidige wachtwoord.'),(152,'account','authenticator',0,'Authenticator','Authenticator'),(153,'account','btn_generate',0,'Generate','Genereren'),(154,'account','btn_remove',0,'Remove','Verwijderen'),(155,'account','authenticator_set',0,'Authenticator set','Authenticator ingesteld'),(156,'*','error_last_admin',0,'This account is the only one with administrative rights for your organization. It can therefore not be deleted.','Dit account is het enige account met administratieve rechten voor uw organisatie. Het kan om die reden niet verwijderd worden.'),(157,'actors','actor',0,'Actor','Actor'),(158,'actors','willingness_chance',0,'Willingness / chance','Bereidheid / kans'),(159,'actors','knowledge',0,'Knowledge level','Kennisniveau'),(160,'actors','resources',0,'Resources','Middelen'),(161,'*','threat',0,'Threat','Dreiging'),(162,'actors','btn_new_actor',0,'New actor','Nieuwe actor'),(163,'actors','actor_name',0,'Actor\'s name','Naam van de actor'),(164,'actors','target_cause',0,'Reason of an attack or cause of an incident','Doel van een aanval of reden van een incident'),(165,'actors','willingness_attack_chance_incident',0,'Willingness to attack or chance of causing an incident','Bereidheid om aan te vallen of kans op het veroorzaken van een incident'),(166,'actors','available_resources',0,'Available resources','Beschikbare middelen'),(167,'actors','btn_save_actor',0,'Save actor','Actor opslaan'),(168,'actors','btn_delete_actor',0,'Delete actor','Actor verwijderen'),(169,'account','delete_are_you_sure',0,'This account will be deleted. Type \'DELETE\' when you are sure.','Dit account wordt hiermee verwijdered. Tik \'DELETE\' als je dat daadwerkelijk wil.'),(170,'bia','btn_new_information_system',0,'New information system','Nieuw informatiesysteem'),(171,'actors','error_actor_not_found',0,'Actor not found.','Actor niet gevonden.'),(172,'actors','error_name_empty',0,'Specify the actor\'s name.','Geef de naam van de actor op.'),(173,'actors','error_invalid_option',0,'Invalid option.','Ongeldige optie gekozen.'),(174,'*','impact',0,'Impact','Impact'),(175,'*','chance',0,'Chance','Kans'),(176,'riskmatrix','matrix_as_used_by_ravib',0,'The risk matrix as being used by RAVIB is as follows','De door RAVIB.nl gehanteerde risicomatrix is als volgt'),(177,'riskmatrix','risk_matrix',0,'Risk matrix','Risicomatrix'),(178,'riskmatrix','approaches',0,'<p>RAVIB uses the following approaches to deal with a risk:</p>\r\n<ul>\r\n<li>Control: Taking measures to lower the impact and chance of an incident.</li>\r\n<li>Avoid: Taking measures to lower the chance of an incident.</li>\r\n<li>Resist: Taking measures to lower the impact of an incident.</li>\r\n<li>Accept: Accepting the impact and chance of an incident.</li>\r\n</ul>','<p>RAVIB kent de volgende manieren om met een risico om te gaan:</p>\r\n<ul>\r\n<li>Beheersen: Het nemen van maatregelen om de impact van en de kans op een incident te verkleinen.</li>\r\n<li>Ontwijken: Het nemen van maatregelen om de kans op een incident te verkleinen.</li>\r\n<li>Verweren: Het nemen van maatregelen om de impact van een incident te verkleinen.</li>\r\n<li>Accepteren: Het accepteren van de gevolgen indien een incident zich voordoet.</li>\r\n</ul>'),(179,'*','breadcrumb_cases',0,'Cases','Casussen'),(180,'*','breadcrumb_scope',0,'Scope','Scope'),(181,'*','breadcrumb_interests',0,'Interests','Belangen'),(182,'*','breadcrumb_risks',0,'Risks','Risico\'s'),(183,'*','breadcrumb_controls',0,'Controls','Controls'),(184,'*','breadcrumb_scenarios',0,'Scenarios','Scenario\'s'),(185,'*','breadcrumb_report',0,'Report','Rapportage'),(186,'*','breadcrumb_progress',0,'Progress','Voortgang'),(187,'bia','business_impact_analysis',0,'Business Impact Analysis','Business Impact Analyse'),(188,'actors','actors',0,'Actors','Actoren'),(189,'actors','help_text',0,'<p>On this page you indicate the actors who can cause a specific security incident. An incident can be the result of a deliberate action, where you have to look at the willingness of an actor to actually attack you. The knowledge level indicates the actor\'s knowledge of cybersecurity and digital attacks.</p>\r\n<p>An incident can also occur as a result of an unintended action. You do not look at the willingness of the actor, but the chance that an actor will cause an incident. Think of the cause of (deadline) stress, insufficient management or policy or a lack of interest or awareness. Because an actor in such a case does not deploy any resources, select \'n/a\' for resources.</p>\r\n<p>It is allowed to name an actor several times, choosing different values for chance/willingness and level of knowledge. For instance:</p>\r\n<table class=\"table table-condensed table-striped\">\r\n<thead>\r\n<tr><th>Actor</th><th>Willingeness / chance</th><th>Knowledge level</th><th>Resources</th></tr>\r\n</thead>\r\n<tbody>\r\n<tr><td>Employees</td><td>minor</td><td>basic</td><td>n/a</td></tr>\r\n<tr><td>Employees (ICT)</td><td>minor</td><td>skilled</td><td>n/a</td></tr>\r\n<tr><td>Employees (dissatisfied)</td><td>possible</td><td>basic</td><td>limited</td></tr>\r\n</tbody>\r\n</table>\r\n<p>In the first step of the risk analysis, you determine the scope of the risk analysis. This step offers you the opportunity to make a handout for those present at the risk analysis where this scope can be seen. These actors are also mentioned on that handout.</p>','<p>Op deze pagina geeft u de actoren aan die een concreet beveiligingsincident kunnen veroorzaken. Een incident kan het gevolg zijn van een moedwillige actie, waarbij u moet kijken naar de bereidheid van een actor om u daadwerkelijk aan te vallen. Het kennisniveau geeft de kennis van de actor op het gebied van cybersecurity en digitale aanvallen aan.</p>\r\n<p>Een incident kan ook optreden als gevolg van een onbedoelde actie. U kijkt daarbij niet naar de bereidheid van de actor, maar de kans dat een actor een incident veroorzaakt. Denk bij de oorzaak aan (deadline)stress, onvoldoende sturing of beleid of een gebrek aan interesse of bewustzijn. Omdat een actor in zo\'n geval geen middelen inzet, kies bij middelen \'n.v.t.\'.</p>\r\n<p>Het is toegestaan om een actor meerdere malen te noemen, waarbij verschillende waarden voor kans/bereidheid en kennisniveau worden gekozen. Bijvoorbeeld:</p>\r\n<table class=\"table table-condensed table-striped\">\r\n<thead>\r\n<tr><th>Actor</th><th>Bereidheid / kans</th><th>Kennisniveau</th><th>Middelen</th></tr>\r\n</thead>\r\n<tbody>\r\n<tr><td>Medewerkers</td><td>gering</td><td>basis</td><td>n.v.t.</td></tr>\r\n<tr><td>Medewerkers (ICT-er)</td><td>gering</td><td>kundig</td><td>n.v.t.</td></tr>\r\n<tr><td>Medewerkers (ontevreden)</td><td>mogelijk</td><td>basis</td><td>beperkt</td></tr>\r\n</tbody>\r\n</table>\r\n<p>In de eerste stap van de risicoanalyse bepaalt u de scope van de risicoanalyse. Deze stap biedt u de mogelijkheid om een handout te maken voor de aanwezigen bij de risicoanalyse waar deze scope op te zien is. Op die handout worden tevens deze actoren vermeld.</p>'),(190,'account','path',0,'Path','Pad'),(191,'case','cases',0,'Cases','Casussen'),(192,'case','btn_save_case',0,'Save case','Casus opslaan'),(193,'case','btn_delete_case',0,'Delete case','Casus verwijderen'),(194,'case','error_case_not_found',0,'Case not found.','Casus niet gevonden.'),(195,'case','subject',0,'Subject','Onderwerp'),(196,'case','standard',0,'Standard','Standaard'),(197,'case','date',0,'Date','Datum'),(198,'case','btn_start',0,'Start','Start'),(199,'case','btn_edit',0,'Edit','Bewerk'),(200,'case','btn_new_case',0,'New case','Nieuwe casus'),(201,'case','btn_show_archive',0,'Show archive','Toon archief'),(202,'case','btn_leave_archive',0,'Leave archive','Verlaat archief'),(203,'case','archive',0,'Archive','Archief'),(204,'case','archived',0,'Archived','Gearchiveerd'),(205,'case','logo_url',0,'URL of logo to be used in report','URL van het logo voor in de rapportage'),(206,'case','scope_limited_to',0,'Scope. The risk analysis was limited to...','Scope. De risicoanalyse was beperkt tot...'),(207,'case','case_name',0,'Case name (hint: scope in one word)','Casusnaam (tip: de scope in een woord)'),(208,'case','organisational_unit',0,'Organisation(al unit)','Organisatie(-eenheid)'),(209,'case','impact_interpretation',0,'Interpretation of the impact','Interpretatie van de impact'),(210,'case','impact_explanation',0,'Specify the expected amount of financial damage and/or the damage to the organization\'s image here.','Vul hier het verwachte schadebedrag en/of de verwachte imagoschade in.'),(211,'case/interests','btn_edit',0,'Edit','Aanpassen'),(212,'case/interests','btn_generate_handout',0,'Generate handout','Genereer handout'),(213,'case/interests','btn_continue',0,'Continue to risks','Door naar risico\'s'),(214,'case/interests','interests',0,'Interests','Te beschermen belangen'),(215,'case/interests','help_text',0,'Specify the interests to be protected. This concerns everything that can be affected if the process, to which the information within the scope is supportive, is disrupted. Think, for example, of organizational goals to be achieved and organisation\'s image, but also of the interests of third parties.','Voer de te beschermen belangen in. Dit betreft alles dat geraakt kan worden indien het proces, waar de informatie binnen de scope ondersteunend aan is, verstoord wordt. Denk bijvoorbeeld aan te behalen organisatiedoelen en imago, maar ook aan belangen van derden.'),(216,'case/interests','pdf_incident_impact',0,'Impact of an incident','Impact van een incident'),(217,'case/interests','pdf_location',0,'Location','Locatie'),(218,'case/interests','pdf_owner',0,'Owner','Eigenaar'),(219,'case/interests','pdf_pii',0,'PII','PII'),(221,'case/interests','pdf_a',0,'A','B'),(222,'case/interests','pdf_i',0,'I','I'),(223,'case/interests','pdf_c',0,'C','V'),(224,'case/interests','pdf_name',0,'Name','Naam'),(225,'case/interests','pdf_knowledge',0,'Knowledge','Kennis'),(226,'case/interests','pdf_resources',0,'Resources','Middelen'),(227,'case/interests','pdf_threat',0,'Threat','Bedreiging'),(228,'case/interests','pdf_willingness_chance',0,'Willingness / chance','Bereidheid / kans'),(229,'case/interests','pdf_reason',0,'Reason','Reden'),(230,'case/interests','pdf_availability',0,'Availability','Beschikbaarheid'),(231,'case/interests','pdf_integrity',0,'Integrity','Integriteit'),(232,'case/interests','pdf_confidentiality',0,'Confidentiality','Vertrouwelijkheid'),(233,'case/interests','pdf_possible_threats',0,'Possible threats','Mogelijke dreigingen'),(234,'case/interests','pdf_approaches',0,'Approaches to deal with a risk','Betekenis van de aanpak'),(235,'case/interests','pdf_impact_interpretation',0,'Interpretation of the impact','Invulling van de impact'),(236,'case/interests','pdf_determining_chance',0,'Determining the chance','Bepalen van de kans'),(237,'case/interests','pdf_bia_actor_scales',0,'BIA and actor scales','Schalen bij de BIA en de Actoren'),(238,'case/interests','pdf_handout_for',0,'Handout for','Handout voor'),(239,'case/interests','pdf_bia_overview',0,'Overview of the information systems','Overzicht van de informatiesystemen'),(240,'case/interests','pdf_chance_rule',0,'With limited measures against an actor, the chance may be reduced by one position. With sufficient measures against an actor, the chance may be decreased by two positions.','Bij beperkte maatregelen tegen een actor mag de kans een positie worden verlaagd. Bij voldoende maatregelen\r\ntegen een actor mag de kans twee posities worden verlaagd.'),(241,'case/interests','pdf_actor_threat',0,'Threat from actor','Dreiging vanuit actor'),(242,'case/interests','pdf_frequency',0,'Frequency unintented incident','Frequentie onbedoeld incident'),(243,'case/interests','pdf_subject',0,'Overview of interests, scope and actors','Overzicht van belangen, scope en actoren'),(244,'case/interests','pdf_keywords',0,'RAVIB, handout, Business Impact Analyse, actors, threats','RAVIB, handout, Business Impact Analyse, actoren, dreigingen'),(245,'case/interests','pdf_approach_0',0,'Taking measures to lower the impact and chance of an incident.','Maatregelen nemen om de impact van en de kans op een incident te verkleinen.'),(246,'case/interests','pdf_approach_1',0,'Taking measures to lower the chance of an incident.','Maatregelen nemen om de kans op een incident te verkleinen.'),(247,'case/interests','pdf_approach_2',0,'Taking measures to lower the impact of an incident.','Maatregelen nemen om de impact van een incident te verkleinen.'),(248,'case/interests','pdf_approach_3',0,'Accepting the impact and chance of an incident.','De gevolgen accepteren indien een incident zich voordoet.'),(249,'case','error_specify_name',0,'Specify the case name.','Specificeer de naam van de casus.'),(250,'case','error_specify_organisation',0,'Specify the organisation name.','Specificeer de naam van de organisatie.'),(251,'case','error_case_exists',0,'A case with that name already exists for the specified organization(al unit).','Er bestaat al een zaak met deze naam voor de opgegeven organisatie.'),(252,'case/scope','scope',0,'Scope','Scope'),(255,'case/scope','owner',0,'Owner','Eigenaar'),(258,'case/scope','btn_continue',0,'Continue to interests','Door naar te beschermen belangen'),(259,'case/scope','help_text',0,'Select systems that lie within the scope of this risk analysis. The systems in the list are the systems that have been added in the BIA section.','Selecteer systemen die onderdeel zijn van deze risicoanalyse. De systemen in de lijst zijn de systemen die in het BIA onderdeel zijn toegevoegd.'),(260,'case/report','report',0,'Report','Rapportage'),(261,'case/report','btn_continue',0,'Continue to progress','Door naar voortgang'),(262,'case/report','extra_explanation',0,'Add extra explanation.','Extra uitleg toevoegen.'),(263,'case/report','accepted_threats',0,'Include accepted risks.','Geaccepteerde risico\'s opnemen.'),(264,'case/report','sort_by_risk_urgency',0,'Sort by risk / urgency.','Sorteren op risico / urgentie.'),(265,'case/report','make_backup_1',0,'Don\'t forget to secure your risk analyses by making an export via','Vergeet niet om je risicoanalyses veilig te stellen, door via'),(266,'case/report','make_backup_2',0,'data management','databeheer'),(267,'case/report','make_backup_3',0,'and keeping it safe!','een export te maken en die goed te bewaren! '),(268,'case/scenarios','error_specify_title',0,'Specify the title of the scenario.','Specificeer de titel van het scenario.'),(269,'case/scenarios','error_specify_scenario',0,'Specify the scenario.','Specificeer het scenario.'),(270,'case/scenarios','scenarios',0,'Scenarios','Scenario\'s'),(271,'case/scenarios','scenario',0,'Scenario','Scenario'),(272,'case/scenarios','btn_new_scenario',0,'New scenario','Nieuw scenario'),(273,'case/scenarios','btn_continue',0,'Continue to report','Door naar rapportage'),(274,'case/scenarios','help_text',0,'Consider how multiple threats together can lead to an organization-disrupting incident, where small and/or simple threats serve as a stepping stone to a threat with a large impact.','Bedenk hoe meerdere dreigingen samen kunnen leiden tot een organisatie-ontwrichtend incident, waarbij kleine en/of eenvoudige dreigingen dienen als opstap naar een dreiging met een grote impact.'),(275,'case/scenarios','actors',0,'Actors','Actoren'),(276,'*','risks',0,'Risks','Risico\'s'),(277,'*','risk',0,'Risk','Risico'),(281,'*','approach',0,'Approach','Aanpak'),(283,'case/scenarios','actor',0,'Actor','Actor'),(284,'case/scenarios','resources',0,'Resources','Middelen'),(285,'case/scenarios','willingness_chance',0,'Willingness / chance','Bereidheid / kans'),(286,'case/scenarios','knowledge',0,'Knowledge','Kennis'),(287,'case/scenarios','title',0,'Title','Titel'),(288,'case/scenarios','possible_consequences',0,'Possible consequences','Mogelijke gevolgen'),(289,'case/scenarios','bia',0,'BIA','BIA'),(290,'case/scenarios','system',0,'System','Systeem'),(291,'case/scenarios','impact_incident',0,'Impact of the incident','Impact van het incident'),(292,'case/progress','progress',0,'Progress','Voortgang'),(293,'case/progress','error_scenario_not_found',0,'Scenario not found.','Scenario niet gevonden.'),(294,'case/progress/export','progress_export',0,'Progress export','Voortgang exporteren'),(295,'case/progress/report','progress_report',0,'Progress report','Voortgangsrapportage'),(296,'case/progress/done','task_done',0,'Task done','Taak gereed'),(297,'case/progress/done','message_1',0,'You are about to approve the task','U staat op het punt om de taak'),(298,'case/progress/done','message_2',0,'regarding','inzake'),(299,'case/progress/done','message_3',0,'and','en'),(300,'case/progress/done','message_4',0,'assigned to','toegekend aan'),(301,'case/progress/done','message_5',0,'.',', goed te keuren.'),(302,'case/progress','progress_per_section',0,'Progress per section','Voortgang per sectie'),(303,'case/progress','done',0,'Done','Gereed'),(304,'case/progress','deadline',0,'Deadline','Deadline'),(305,'case/progress','executor',0,'Executor','Uitvoerder'),(307,'*','control_from',0,'Control from','Control uit'),(308,'case/progress','btn_report',0,'Report','Rapportage'),(309,'case/progress','btn_csv_export',0,'CSV export','CVS export'),(310,'case/progress','control',0,'Control','Control'),(311,'case/progress','reviewer',0,'Reviewer','Controlleur'),(312,'case/progress','information_tasks',0,'Information / tasks','Informatie / taken'),(313,'case/progress','hours_planned',0,'Hours planned','Geplande uren'),(314,'case/progress','hours_invested',0,'Hours invested','Geïnvesteerde uren'),(315,'case/progress','chosen_approach',0,'Chosen approach','Gekozen aanpak'),(316,'*','current_situation',0,'Current situation / measures','Huidige situatie / maatregelen'),(317,'*','desired_situation',0,'Desired situation / steps to take','Gewenste situatie / te nemen stappen'),(318,'case/progress','help_text',0,'<p>Click on the progress bar to get an overview of the completed tasks per category.</p>\r\n<p>The people to assign a task to or to designate as a controller can be added by an organization administrator in the CMS.</p>','<p>Klik op de voortgangsbalk om een overzicht te krijgen van de afgeronde taken per categorie.</p>\r\n<p>De personen om een taak aan toe te wijzen of als controleur aan te wijzen, kunnen door een organsiatie-beheerder worden toegevoegd in het CMS.</p>'),(319,'case/progress','btn_save',0,'Save','Opslaan'),(320,'case/progress','btn_save_with_notification',0,'Save with notification','Opslaan met notificatie'),(324,'case/controls','controls',0,'Controls','Controls'),(325,'case/controls','btn_continue',0,'Continue to scenarios','Door naar scenario\'s'),(326,'case/controls','help_text',0,'<p>An exclamation mark icon may appear in the Controls column. This happens if no controls have yet been selected for an unaccepted threat. It also happens if you accept a threat, but still select controls for it.</p>\r\n<p>Controls for accepted threats are not included in the report and in the progress module!</p>\r\n<p>For threats that are created on the basis of a template, controls have been selected by RAVIB. See this selection as a suggestion by RAVIB. You are advised to carefully evaluate this selection to see if it fits your situation.</p>','<p>In de kolom Controls kan een uitroepteken-icoontje verschijnen. Dat gebeurt als voor een niet-geaccepteerde dreiging nog geen controls zijn geselecteerd. Het gebeurt ook als u een dreiging accepteert, maar daar toch controls voor selecteert.</p>\r\n<p>Controls voor geaccepteerde dreigingen worden niet meegenomen in de rapportage en in de voortgang-module!</p>\r\n<p>Voor dreigingen die zijn aangemaakt op basis van een template, zijn vanuit RAVIB controls geselecteerd. Zie deze controls als een suggestie vanuit RAVIB. Het dringende advies aan u is om door deze selectie heen te lopen om te zien of deze inderdaad voor uw situatie van toepassing zijn.</p>'),(329,'case/controls','chosen_approach',0,'Chosen approach','Gekozen aanpak'),(332,'case/controls','highlight_controls_for',0,'Highlight controls for','Accentueer controls voor'),(333,'case/controls','control',0,'Control','Control'),(334,'case/controls','reduces',0,'Reduces','Mitigeert'),(335,'case/controls','btn_save',0,'Save','Opslaan'),(336,'case/scope','btn_edit',0,'Edit','Wijzigen'),(337,'case/scope','btn_save',0,'Save','Opslaan'),(338,'case/report','btn_generate_report',0,'Generate report','Genereer rapportage'),(339,'case/risks','causes',0,'Causes','Oorzaken'),(340,'case/risks','effects',0,'Effects','Gevolgen'),(341,'case/risks','most_threatening_actor',0,'Most threatening actor','Meest bedreigende actor'),(342,'case/risks','measures',0,'Measures','Maatregelen'),(343,'case/risks','affected_systems',0,'Affected systems','Geraakte systemen'),(344,'case/risks','affected',0,'Affected','Geraakt'),(345,'case/risks','btn_save_risk',0,'Save risk','Risico opslaan'),(346,'case/risks','btn_delete_risk',0,'Delete risk','Risico verwijderen'),(347,'case/risks','btn_continue',0,'Continue to controls','Door naar controls'),(348,'case/risks','btn_new_risk',0,'New risk','Nieuw risico'),(349,'case/risks','btn_new_risk_from_template',0,'New risk from template','Nieuw risico vanuit template'),(350,'case/risks','c',0,'C','V'),(351,'case/risks','i',0,'I','I'),(352,'case/risks','a',0,'A','B'),(353,'case/risks','argumentation',0,'Substantiation for choices made','Onderbouw de gemaakte keuzes'),(354,'case/risks','choose_from_template',0,'Choose one of the generic threats below as the template for the new threat.','Kies een van onderstaande generieke dreigingen als template voor het nieuwe risico.'),(355,'case/risks','help_text_overview',0,'In this section, you specify the threats that affect the systems within the scope. You can use the RAVIB threat templates or add a threat yourself. In addition to a description, the threat templates contain a selection of controls from the standard chosen for this risk analysis. You can adjust this selection in the next step.','In dit onderdeel geeft u de dreigingen op die gelden voor de systemen binnen de scope. U kunt gebruik maken van de dreigingen-templates uit RAVIB of zelf een dreiging toevoegen. De dreigingen-templates bevatten, naast een omschrijving, verwijzingen naar maatregelen uit de voor deze risicoanalyse gekozen maatregelenstandaard. Deze selectie kunt u in het volgende onderdeel aanpassen.'),(356,'case/risks','help_text_template',0,'The column C, I and A can contain a p or an s. The p stands for primary and the s for secondary. This indicates whether a threat poses a primary or secondary threat to confidentiality, integrity or availability.','In de kolom B, I en V kan een p of een s staan. De p staat voor primair en de s voor secundair. Dit geeft aan of een dreiging primair of secundair een gevaar vormt voor de beschikbaarheid, integriteit of vertrouwelijkheid.'),(357,'case/risks','btn_check_all',0,'Check all','Selecteer alles'),(358,'case/risks','btn_dont_use_template',0,'Don\'t use a template','Geen template gebruiken'),(359,'case/risks','error_specify_threat',0,'Specify the threat','Specificeer de dreiging'),(360,'case/risks','error_select_chance',0,'Select the estimated chance.','Selecteer de ingeschatte kans.'),(361,'case/risks','error_select_impact',0,'Select the estimated impact.','Selecteer de ingeschatte impact.'),(362,'case/risks','error_select_approach',0,'Select the desired approach.','Selecteer de gewenste aanpak.'),(363,'case/progress','error_unknown_person',0,'Unknown person.','Onbekende persoon.'),(364,'case/progress','error_specify_deadline',0,'Specify the deadline.','Specificeer de deadline.'),(365,'case/progress','error_invalid_deadline',0,'Invalid deadline.','Ongeldige deadline.'),(366,'case/progress','error_assign_task_to_someone',0,'Assign the task to someone.','Wijs de taak aan iemand toe.'),(367,'case/progress','error_executor_reviewer_different',0,'The executor and the reviewer can\'t be one and the same person.','De persoon die de taak uitvoerd kan niet de controleur zijn.'),(368,'register','fullname',0,'Full name','Volledige naam'),(369,'register','username',0,'Username','Gebruikersnaam'),(370,'register','password',0,'Password','Wachtwoord'),(371,'register','organisation',0,'Organisation','Organisatie'),(372,'register','account_created',0,'Your account has been created. You can now log in.','Je account is aangemaakt. Je kan nu inloggen.'),(373,'register','verification_code',0,'Verification code','Verificatiecode'),(374,'register','register',0,'Register','Registreren'),(375,'register','email_address',0,'E-mail address','E-mailadres'),(376,'register','email_with_code_sent',0,'An e-mail with a verification code has been sent to your e-mail address.','Een e-mail met daarin een verificatiecode is naar het opgegeven e-mailadres opgestuurd.'),(377,'register','explanation',0,'The registration process consists of several steps. In the first step you enter your email address. A verification code will be sent to that address, which you will need in step two for verification. In the third and final step, you enter the other necessary account information.','Het aanmeldproces bestaat uit een aantal stappen. In de eerste stap geef je je e-mailadres op. Daar wordt een verificatiecode heen gestuurd, die je in stap twee ter controlle weer invoert. In de derde en laatste stap voer je de overige benodigde gegevens in.'),(378,'register','already_have_account',0,'You already have an account.','U heeft al een account.'),(379,'register','email_subject',0,'Verification code for the RAVIB website.','Verificatiecode voor de RAVIB website.'),(380,'register','error_email_invalid',0,'Invalid e-mail address.','Ongeldig e-mailadres.'),(381,'register','error_email_exists',0,'This e-mail address is already linked to an account.','Dit e-mailadres is al aan een account gekoppeld.'),(382,'register','error_code_invalid',0,'Invalid verification code.','Ongeldige verificatiecode.'),(383,'register','error_organisation_specify',0,'Specify the organisation name.','Specificeer de naam van de organisatie.'),(384,'register','error_organisation_exists',0,'The organisation name is already being used.','De organisatienaam is al in gebruik.'),(385,'register','error_username_exists',0,'The username is already taken.','De gebruikersnaam is al in gebruik.'),(386,'register','error_fullname_short',0,'The full name should at least be %d characters long.','De volledige naam moet minimaal %d tekens lang zijn.'),(387,'register','error_username_short_format',0,'The username may only contain small letters and must be at least %d characters long.','De gebruikersnaam mag uitsluitend kleine letters bevatten en moet minimaal %d letters lang zijn.'),(388,'banshee/login','password_1',0,'If you have forgotten your password, click','Indien u uw wachtwoord vergeten bent, klik dan'),(389,'banshee/login','password_2',0,'here','hier'),(390,'case/report','pdf_a',0,'A','B'),(391,'case/report','pdf_i',0,'I','I'),(392,'case/report','pdf_c',0,'C','V'),(394,'case/report','pdf_pii',0,'PII','PII'),(395,'case/report','pdf_owner',0,'Owner','Eigenaar'),(396,'case/report','pdf_location',0,'Location','Locatie'),(397,'case/report','pdf_name',0,'Name','Naam'),(398,'case/report','pdf_willingness_chance',0,'Willingness / chance','Bereidheid / kans'),(399,'case/report','pdf_knowledge',0,'Knowledge','Kennis'),(400,'case/report','pdf_resources',0,'Resources','Middelen'),(401,'case/report','pdf_threat',0,'Threat','Dreiging'),(402,'case/report','pdf_reason',0,'Reason','Reden'),(403,'case/report','pdf_incident_impact',0,'Impact of an incident','Impact van een incident'),(404,'case/scenarios','btn_save_scenario',0,'Save scenario','Scenario opslaan'),(405,'case/scenarios','btn_delete_scenario',0,'Delete scenario','Scenario verwijderen'),(406,'case/interests','pdf_actors',0,'Actors','Actoren'),(407,'case/progress/report','subject',0,'Report information security implementation progress','Rapportage voortgang implementatie informatiebeveiliging'),(408,'case/progress/report','keywords',0,'RAVIB, information security, progress report','RAVIB, informatiebeveiliging, voortgangsrapportage'),(409,'case/progress/report','frontpage',0,'Frontpage','Voorpagina'),(410,'case/progress/report','title',0,'Progress report measure implementation','Voortgangsrapportage maatregelimplementatie'),(411,'case/progress/report','date_risk_analysis',0,'Date risk analysis','Datum risicoanalyse'),(412,'case/progress/report','date_report',0,'Date report','Datum rapportage'),(413,'case/progress/report','progress',0,'Progress','Voortgang'),(414,'case/progress/report','risk_matrices',0,'Risk matrices','Risciomatrixen'),(415,'case/progress/report','original_matrix',0,'The original risk matrix.','De originele risicomatrix.'),(416,'case/progress/report','matrix_with_completed_tasks',0,'The risk matrix in which the completed tasks have been taken into account.','De risicomatrix waarin de afgeronden taken zijn meegenomen.'),(417,'case/progress/report','total_hours_planned',0,'Total hours planned','Totaal aantal geplande uren'),(418,'case/progress/report','total_hours_invested',0,'Total hours invested','Totaal aantal geïnvesteerde uren'),(419,'case/progress/report','completed_tasks',0,'The overview below shows the number of completed tasks for each chapter from the %s standard.','Het onderstaande overzicht toont het aan afgeronde taken per hoofdstuk van de %s standaard.'),(420,'case/progress/report','implementation_progress',0,'The implementation progress of the %d controls, with in green the number of implementations completed, in yellow the number of ongoing implementations, in red the number of implementations whose deadline has passed and in black is the number of deployments that have not yet been assigned to a person.','De voortgang van de implementatie van de %d controls, met in het groen het aantal afgeronde implementaties, in het geel het aantal nog lopende implementaties, in het rood het aantal implementaties waarvan de deadline is verstreken en in het zwart het aantal implementaties dat nog niet is toegekend aan een persoon.'),(421,'case/progress/export','controls_from',0,'Controls from','Controls uit'),(423,'case/progress/export','assigned_to',0,'Assigned to','Toegewezen aan'),(424,'case/progress/export','deadline',0,'Deadline','Deadline'),(425,'case/progress/export','done',0,'Done','Gereed'),(426,'case/progress/export','hours_planned',0,'Hours planned','Geplande uren'),(427,'case/progress/export','hours_invested',0,'Hours invested','Geïnvesteerde uren'),(428,'case/progress/export','information',0,'Information','Informatie'),(429,'password','forgot_password',0,'Forgot password','Wachtwoord vergeten'),(430,'password','username',0,'Username','Gebruikersnaam'),(431,'password','email_address',0,'E-mail address','E-mailadres'),(432,'password','password',0,'Password','Wachtwoord'),(433,'password','repeat_password',0,'Repeat password','Herhaal wachtwoord'),(434,'password','link_set',0,'<p>Indien u een geldige gebruikersnaam en e-mailadres heeft invoerd, wordt een link om uw wachtwoord te herstellen per e-mail toegestuurd.</p>\r\n<p>Don\'t close your browser!!</p>','<p>IndienIf you have entered an existing username and e-mail address, a link to reset your password has been sent to the supplied e-mail address.</p>\r\n<p>De browser niet sluiten!!</p>'),(435,'password','crypto_enabled',0,'This RAVIB installation uses encryption to protect the stored information. Your password is the key. In order to retain the encrypted data, your current password is required when changing your password. Recovering the password is therefore not possible.','Deze RAVIB installatie maakt gebruik van versleuteling om de opgeslagen informatie te beschermen. U wachtwoord is daarbij de sleutel. Voor het behoud van de versteutelde data is bij een wachtwoordwijziging uw huidige wachtwoord nodig. Het herstellen van een vergeten wachtwoord is daarom niet mogelijk.'),(436,'password','enter_new_password',0,'Enter a new password for your account','Voer een nieuw wachtwoord in voor uw account'),(437,'password','enter_username_and_email',0,'Enter your username and e-mail address to reset your password.','Voer uw gebruikersnaam en e-mailadres in om uw wachtwoord opnieuw in te stellen.'),(438,'password','password_saved',0,'Your password has been saved.','Uw wachtwoord is opgeslagen.'),(439,'password','btn_save_password',0,'Save password','Wachtwoord opslaan'),(440,'password','btn_reset_password',0,'Reset password','Wachtwoord opnieuw instellen'),(441,'password','error_saving_password',0,'Error while saving password.','Fout bij het opslaan van het wachtwoord.'),(442,'password','error_passwords_not_same',0,'The passwords are not the same.','The wachtwoorden komen niet overeen.'),(443,'case/report','error_generating_report',0,'Error while generating report.','Fout bij het genereren van de rapportage.'),(444,'case/report','pdf_filename',0,'report','rapportage'),(445,'case/report','pdf_subject',0,'Report risk analysis for information security','Rapportage risicoanalyse voor informatiebeveiliging'),(446,'case/report','pdf_keywords',0,'RAVIB, risk analysis, information security, report','RAVIB, risicoanalyse, informatiebeveiliging, rapportage'),(447,'case/report','pdf_front_page',0,'Front page','Voorpagina'),(448,'case/report','pdf_title',0,'Report information security risk analysis','Rapportage risicoanalyse informatiebeveiliging'),(449,'case/report','pdf_using_ravib',0,'The risk analysis covered by this report was performed using RAVIB. RAVIB is a free and open source method for performing a risk analysis for information security. This method can be found at https://www.ravib.nl/.','De risicoanalyse waar deze rapportage over gaat, is uitgevoerd met behulp van RAVIB. RAVIB is een gratis en open source methodiek voor het uitvoeren van een risicoanalyse voor informatiebeveiliging. Deze methodiek is de vinden op https://www.ravib.nl/.'),(451,'case/report','pdf_scenarios',0,'Scenarios','Scenario\'s'),(452,'case/report','pdf_confidential',0,'Confidential','Vertrouwelijk'),(453,'case/report','pdf_controls',0,'Controls','Controls'),(454,'case/report','pdf_selected_controls',0,'Selected controls','Geselecteerde controls'),(455,'case/report','pdf_control',0,'Control','Control'),(456,'case/report','pdf_urgency',0,'Urgency','Urgentie'),(457,'case/report','pdf_control_reduces',0,'This control reduces the %s of an incident.','Deze control vermindert het %s-aspect van een risico.'),(458,'case/report','pdf_involved_systems',0,'Involved systems','Geraakte systemen'),(459,'case/report','pdf_argumentation',0,'Argumentation for the choices made','Argumentatie voor de gemaakte keuzes'),(460,'case/report','pdf_current_situation',0,'Current situation / current measures','Huidige situatie / huidige maatregelen'),(461,'case/report','pdf_desired_situation',0,'Desired situation / desired measures','Gewenste situatie / gewenste maatregelen'),(462,'case/report','pdf_most_threatening_actor',0,'Most threatening actor','Meest bedreigende actor'),(463,'case/report','pdf_exposure',0,'Exposure','Hoogte'),(464,'case/report','pdf_controls_introduction',0,'This chapter contains an overview of the controls from the %s standard that are selected based on the specified risks. Use the accompanying texts from this standard to come to a concrete action plan.','Dit hoofdstuk bevat een overzicht van de controls uit de %s standaard die zijn geselecteerd op basis van de opgegeven risico\'s. Gebruik de bijbehorende teksten uit deze standaard om tot een concreet plan van aanpak te komen.'),(465,'case/report','pdf_risk_introduction',0,'This chapter provides an overview of all risks that have been identified.','Dit hoofdstuk bevat een overzicht van alle risico\'s die in kaart zijn gebracht.'),(466,'case/report','pdf_accepted_risks',0,'The accepted risks have been omitted from this chapter.','De geaccepteerde risico\'s zijn in dit hoofdstuk weggelaten.'),(467,'case/report','pdf_interests',0,'Interests','Te beschermen belangen'),(468,'case/report','pdf_actors',0,'Actors','Actoren'),(469,'case/report','pdf_actors_introduction',0,'The actors that can possibly breach security.','De actoren die een inbreuk kunnen maken op de beveiliging.'),(470,'case/report','pdf_scenarios_introduction',0,'This chapter contains possible scenarios, based on the concrete risks from the next chapter.','Dit hoofdstuk bevat mogelijke scenario\'s, op basis van de concrete risico\'s uit een volgend hoofdstuk.'),(471,'case/report','pdf_control_urgency_distribution',0,'Control urgency distribution','Verdeling van de control-urgentie'),(472,'case/report','pdf_control_urgency_distribution_introduction',0,'The table below does not include controls for the accepted risks. The chosen control standard is the %s.','In onderstaande tabel zijn de controls voor de geaccepteerde risico\'s niet meegenomen. De gekozen control-standaard is de %s.'),(473,'case/report','pdf_impact_definition',0,'Impact definition','Impactdefinitie'),(474,'case/report','pdf_impact_definition_introduction',0,'The impact has the following interpretation for this risk analysis','De impact heeft voor deze risicoanalyse de volgende invulling'),(475,'case/report','pdf_scope',0,'Scope','Scope'),(476,'case/report','pdf_scope_limited_to',0,'The risk analysis performed was limited to','De uitgevoerde risicoanalyse heeft zich beperkt tot'),(477,'case/report','pdf_risk_per_information_system',0,'The overview below shows the number and level of risks per information system.','Onderstaand overzicht geeft per informatiesysteem het aantal risico\'s en de hoogte ervan aan.'),(478,'case/report','pdf_risk_matrix',0,'Risk matrix','Risicomatrix'),(479,'case/report','pdf_risk_matrix_introduction',0,'The matrix below does not include the accepted risks.','In onderstaande matrix zijn de geaccepteerde risico\'s niet meegenomen'),(480,'case/report','pdf_risk_matrix_accepted',0,'Risk matrix of the accepted risks','Risicomatrix van de geaccepteerde risico\'s'),(481,'case/report','pdf_risk_matrix_accepted_introduction',0,'The matrix below contains an overview of the accepted risks.','Onderstaande tabel bevat een overzicht van de geaccepteerde risico\'s.'),(482,'account','authenticator_help',0,'This option requires the use of an authenticator app (RFC 6238) on your mobile phone. The app must use BASE32 characters, SHA1 and a 30 second time interval to generate a 6 digit code.','Deze optie vereist het gebruik van een authenticator app (RFC 6238) op de mobiele telefoon. Deze app moet BASE32 characters, SHA1 en een 30 seconden-tijdinterval gebruiken om een 6 cijferige code te genereren.'),(483,'case/report','pdf_causes',0,'Causes','Oorzaken'),(484,'case/report','pdf_effects',0,'Effects','Gevolgen'),(485,'case/interests','btn_save',0,'Save','Opslaan'),(486,'case/report','possible_consequences',0,'Possible consequences','Mogelijke gevolgen');
/*!40000 ALTER TABLE `languages` ENABLE KEYS */;
UNLOCK TABLES;

--
-- Table structure for table `menu`
--

DROP TABLE IF EXISTS `menu`;
/*!40101 SET @saved_cs_client     = @@character_set_client */;
/*!40101 SET character_set_client = utf8 */;
CREATE TABLE `menu` (
  `id` int(10) unsigned NOT NULL AUTO_INCREMENT,
  `parent_id` int(10) unsigned DEFAULT NULL,
  `text` varchar(100) NOT NULL,
  `link` varchar(100) NOT NULL,
  PRIMARY KEY (`id`),
  KEY `parent_id` (`parent_id`),
  CONSTRAINT `menu_ibfk_1` FOREIGN KEY (`parent_id`) REFERENCES `menu` (`id`)
) ENGINE=InnoDB DEFAULT CHARSET=utf8mb3 COLLATE=utf8mb3_general_ci;
/*!40101 SET character_set_client = @saved_cs_client */;

--
-- Dumping data for table `menu`
--
-- ORDER BY:  `id`

LOCK TABLES `menu` WRITE;
/*!40000 ALTER TABLE `menu` DISABLE KEYS */;
INSERT INTO `menu` VALUES (1,NULL,'menu_dashboard','/dashboard'),(2,NULL,'menu_documentation','/documentation'),(3,NULL,'menu_riskmatrix','/riskmatrix'),(4,NULL,'menu_links','/links'),(5,NULL,'menu_logout','/logout');
/*!40000 ALTER TABLE `menu` ENABLE KEYS */;
UNLOCK TABLES;

--
-- Table structure for table `mitigation`
--

DROP TABLE IF EXISTS `mitigation`;
/*!40101 SET @saved_cs_client     = @@character_set_client */;
/*!40101 SET character_set_client = utf8 */;
CREATE TABLE `mitigation` (
  `control_id` int(10) unsigned NOT NULL,
  `threat_id` int(10) unsigned NOT NULL,
  KEY `iso_measure_id` (`control_id`),
  KEY `threat_id` (`threat_id`),
  CONSTRAINT `mitigation_ibfk_1` FOREIGN KEY (`control_id`) REFERENCES `controls` (`id`),
  CONSTRAINT `mitigation_ibfk_2` FOREIGN KEY (`threat_id`) REFERENCES `threats` (`id`)
) ENGINE=InnoDB DEFAULT CHARSET=utf8mb3 COLLATE=utf8mb3_general_ci;
/*!40101 SET character_set_client = @saved_cs_client */;

--
-- Dumping data for table `mitigation`
--

LOCK TABLES `mitigation` WRITE;
/*!40000 ALTER TABLE `mitigation` DISABLE KEYS */;
INSERT INTO `mitigation` VALUES (3,3),(10,3),(11,3),(13,3),(14,3),(7,59),(57,59),(58,59),(59,59),(82,59),(83,59),(84,59),(85,59),(91,59),(93,59),(94,59),(95,59),(13,11),(26,11),(27,11),(31,11),(34,11),(61,11),(62,11),(68,11),(69,11),(73,11),(93,11),(114,11),(39,57),(60,57),(81,57),(86,57),(87,57),(88,57),(89,57),(90,57),(59,12),(89,12),(106,12),(8,38),(9,38),(61,38),(71,38),(72,38),(73,38),(91,38),(48,41),(51,41),(62,41),(93,41),(106,41),(57,40),(58,40),(70,40),(78,40),(82,40),(83,40),(84,40),(93,40),(60,39),(67,39),(78,39),(82,39),(83,39),(84,39),(85,39),(88,39),(89,39),(93,39),(7,56),(17,56),(58,56),(67,56),(68,56),(78,56),(82,56),(84,56),(87,56),(95,56),(7,42),(13,42),(30,42),(62,42),(11,16),(13,16),(14,16),(18,16),(63,16),(64,16),(67,16),(69,16),(113,16),(8,17),(10,17),(16,17),(19,17),(43,17),(44,17),(45,17),(47,17),(48,17),(52,17),(53,17),(62,17),(10,19),(44,19),(77,19),(91,19),(8,37),(23,37),(25,37),(40,37),(53,37),(77,37),(10,20),(13,20),(14,20),(28,20),(30,20),(31,20),(37,20),(55,20),(56,20),(64,20),(80,20),(10,22),(14,22),(15,22),(18,22),(28,22),(30,22),(65,22),(66,22),(77,22),(91,22),(3,2),(5,2),(13,2),(16,2),(18,2),(20,2),(112,2),(113,2),(13,23),(31,23),(34,23),(36,23),(37,23),(13,24),(53,24),(55,24),(56,24),(72,24),(17,25),(18,25),(20,25),(21,25),(22,25),(26,25),(27,25),(79,25),(90,25),(17,26),(23,26),(24,26),(25,26),(52,26),(54,26),(6,28),(61,28),(64,28),(68,28),(73,28),(78,28),(82,28),(83,28),(84,28),(85,28),(88,28),(89,28),(93,28),(94,28),(114,28),(6,29),(36,29),(50,29),(68,29),(71,29),(73,29),(88,29),(89,29),(93,29),(94,29),(7,58),(70,58),(91,58),(93,58),(94,58),(95,58),(9,30),(52,30),(53,30),(42,31),(43,31),(47,31),(48,31),(50,31),(61,31),(69,31),(14,32),(20,32),(21,32),(23,32),(25,32),(40,32),(77,32),(79,32),(80,32),(93,32),(25,33),(40,33),(77,33),(79,33),(23,35),(62,35),(69,35),(40,36),(79,36),(80,36),(91,36),(40,27),(41,27),(111,27),(93,7),(94,7),(95,7),(107,7),(8,8),(9,8),(13,8),(107,8),(111,8),(40,9),(41,9),(107,9),(111,9),(61,13),(63,13),(96,13),(97,13),(98,13),(99,13),(100,13),(16,14),(63,14),(64,14),(65,14),(66,14),(99,14),(100,14),(101,14),(102,14),(103,14),(104,14),(42,44),(43,44),(44,44),(45,44),(46,44),(47,44),(48,44),(56,44),(42,45),(43,45),(44,45),(45,45),(48,45),(49,45),(56,45),(62,45),(103,45),(104,45),(105,45),(106,45),(42,46),(45,46),(48,46),(49,46),(56,46),(62,46),(103,46),(104,46),(105,46),(106,46),(103,47),(104,47),(105,47),(42,48),(45,48),(48,48),(56,48),(62,48),(103,48),(104,48),(105,48),(106,48),(49,49),(50,49),(106,49),(45,50),(48,50),(49,50),(50,50),(7,52),(57,52),(78,52),(95,52),(106,52),(7,43),(57,43),(78,43),(87,43),(95,43),(57,53),(95,53),(2,1),(17,1),(103,1),(112,1),(113,1),(1,1),(14,15),(96,15),(97,15),(101,15),(113,15),(15,21),(17,21),(19,21),(26,21),(27,21),(28,21),(29,21),(30,21),(31,21),(32,21),(33,21),(35,21),(38,21),(39,21),(60,21),(115,1),(116,2),(116,3),(124,2),(126,2),(152,3),(155,3),(153,3),(154,2),(154,3),(109,25),(109,35),(149,1),(149,2),(123,1),(123,2),(92,59),(92,12),(92,38),(92,19),(92,22),(92,58),(143,1),(150,1),(150,2),(177,57),(198,57),(202,57),(203,57),(204,57),(206,57),(118,1),(118,2),(118,3),(4,22),(12,1),(12,2),(12,3),(74,25),(74,32),(74,33),(74,36),(75,20),(75,32),(75,36),(76,20),(76,32),(76,33),(146,57),(108,57),(108,16),(122,39),(135,39),(192,39),(200,39),(201,39),(202,39),(204,39),(205,39),(122,56),(123,56),(136,56),(181,56),(192,56),(203,56),(205,56),(124,16),(146,16),(150,16),(153,16),(154,16),(155,16),(188,16),(192,16),(196,16),(123,17),(125,17),(152,17),(161,17),(162,17),(163,17),(164,17),(167,17),(168,17),(174,17),(183,17),(186,17),(122,59),(133,59),(134,59),(135,59),(136,59),(137,59),(144,59),(151,59),(179,59),(200,59),(201,59),(205,59),(121,11),(129,11),(131,11),(135,11),(150,11),(154,11),(180,11),(181,11),(186,11),(195,11),(196,11),(133,38),(134,38),(158,38),(174,38),(180,38),(193,38),(194,38),(195,38),(154,24),(166,24),(168,24),(174,24),(194,24),(136,53),(151,53),(122,52),(136,52),(137,52),(144,52),(151,52),(187,52),(121,12),(134,12),(137,12),(179,12),(187,12),(135,41),(167,41),(186,41),(187,41),(122,42),(154,42),(175,42),(186,42),(196,42),(133,19),(134,19),(152,19),(157,19),(162,19),(163,19),(128,20),(130,20),(131,20),(152,20),(154,20),(155,20),(163,20),(166,20),(174,20),(175,20),(188,20),(199,20),(124,22),(130,22),(133,22),(134,22),(152,22),(155,22),(156,22),(157,22),(175,22),(188,22),(189,22),(190,22),(123,21),(125,21),(129,21),(130,21),(131,21),(156,21),(175,21),(176,21),(177,21),(182,21),(191,21),(204,21),(157,37),(168,37),(169,37),(174,37),(183,37),(197,37),(122,40),(135,40),(151,40),(182,40),(205,40),(207,40),(122,43),(136,43),(144,43),(151,43),(201,43),(203,43),(143,44),(160,44),(161,44),(162,44),(163,44),(164,44),(165,44),(166,44),(167,44),(143,48),(144,48),(160,48),(164,48),(166,48),(167,48),(186,48),(187,48),(143,46),(144,46),(160,46),(164,46),(166,46),(167,46),(170,46),(186,46),(187,46),(143,47),(144,47),(144,49),(170,49),(171,49),(187,49),(163,50),(164,50),(167,50),(170,50),(171,50),(126,32),(127,32),(128,32),(135,32),(155,32),(157,32),(169,32),(197,32),(199,32),(128,33),(157,33),(169,33),(197,33),(199,33),(147,35),(169,35),(186,35),(128,36),(133,36),(197,36),(199,36),(145,27),(184,27),(197,27),(186,61),(197,61),(135,7),(136,7),(137,7),(145,7),(145,8),(154,8),(158,8),(174,8),(145,9),(197,9),(138,13),(139,13),(140,13),(159,13),(180,13),(188,13),(189,13),(123,14),(139,14),(140,14),(141,14),(142,14),(143,14),(188,14),(189,14),(190,14),(138,15),(141,15),(150,15),(155,15),(159,15),(121,29),(135,29),(136,29),(171,29),(178,29),(181,29),(189,29),(193,29),(195,29),(202,29),(121,62),(133,62),(134,62),(171,62),(178,62),(180,62),(181,62),(182,62),(195,62),(205,62),(122,58),(133,58),(134,58),(135,58),(136,58),(137,58),(207,58),(137,30),(158,30),(168,30),(160,31),(161,31),(167,31),(171,31),(180,31),(131,23),(154,23),(178,23),(123,25),(124,25),(126,25),(127,25),(128,25),(129,25),(147,25),(199,25),(206,25),(123,26),(169,26),(173,26),(183,26),(121,28),(122,28),(135,28),(136,28),(150,28),(180,28),(181,28),(188,28),(189,28),(195,28),(196,28),(200,28),(201,28),(202,28),(205,28),(120,11),(120,28),(120,29),(120,62),(117,16),(117,22),(132,16),(132,21),(119,1),(119,2),(119,14),(172,41),(172,26),(265,39),(265,40),(265,28),(265,29),(263,62),(263,49),(262,22),(262,27),(261,57),(261,39),(261,40),(261,28),(261,58),(261,52),(261,43),(260,41),(260,39),(260,40),(260,28),(260,29),(259,3),(259,39),(259,28),(259,29),(257,38),(257,29),(257,62),(256,27),(256,61),(255,59),(255,39),(255,28),(255,52),(255,43),(253,37),(253,20),(253,22),(251,1),(251,2),(251,59),(251,58),(251,13),(252,37),(252,20),(252,22),(249,58),(249,52),(249,43),(248,2),(247,13),(245,1),(245,2),(245,13),(244,59),(244,58),(244,52),(244,43),(243,59),(243,58),(243,52),(243,43),(242,40),(242,56),(240,3),(240,32),(240,33),(238,35),(228,2),(228,3),(220,22),(226,3),(227,3),(219,1),(219,2),(219,59),(219,57),(218,1),(218,2),(218,59),(218,57),(217,1),(217,2),(217,59),(217,3),(217,57),(217,58),(214,1),(214,2),(40,61),(41,61),(111,61),(50,62),(71,62),(73,62),(143,45),(144,45),(160,45),(161,45),(162,45),(164,45),(167,45),(170,45),(186,45),(187,45),(185,42),(185,17),(185,37),(185,22),(185,21),(185,23),(185,25),(185,26),(185,28),(185,62),(185,31),(185,33),(208,1),(208,2),(208,59),(209,1),(209,2),(209,59),(212,1),(212,2),(212,59),(212,7),(212,8),(212,9),(211,25),(213,2),(213,59),(213,3),(213,57),(213,58),(216,1),(216,2),(216,59),(250,7),(237,13),(246,1),(246,2),(246,13),(239,26),(236,27),(236,61),(235,49),(235,52),(233,59),(229,2),(229,59),(229,56),(231,59),(231,57),(232,59),(232,56),(230,2),(230,59),(221,1),(221,2),(221,59),(221,3),(222,1),(222,2),(222,3),(222,58),(223,53),(224,1),(224,2),(224,59),(224,3),(224,22),(224,25),(224,58),(234,49),(234,52),(226,42),(227,42),(228,42),(226,16),(227,16),(228,16),(263,17),(264,17),(224,21),(225,21),(252,21),(253,21),(262,21),(264,21),(224,19),(243,19),(244,19),(264,19),(228,23),(252,23),(253,23),(257,30),(259,30),(245,15),(246,15),(241,14),(247,14),(251,14),(264,14),(263,44),(264,44),(234,45),(235,45),(263,45),(264,45),(234,48),(235,48),(263,48),(264,48),(234,47),(235,47),(263,47),(264,47),(234,46),(235,46),(263,46),(264,46),(263,50),(264,50),(254,59),(254,39),(254,28),(254,52),(254,43),(210,59),(210,11),(210,12),(210,38),(210,41),(210,37),(210,28),(210,29),(210,62),(210,14),(258,37),(258,22),(258,25),(258,26),(258,32),(258,27),(258,61),(258,7),(258,9),(210,31),(258,31),(263,31);
/*!40000 ALTER TABLE `mitigation` ENABLE KEYS */;
UNLOCK TABLES;

--
-- Table structure for table `organisations`
--

DROP TABLE IF EXISTS `organisations`;
/*!40101 SET @saved_cs_client     = @@character_set_client */;
/*!40101 SET character_set_client = utf8 */;
CREATE TABLE `organisations` (
  `id` int(10) unsigned NOT NULL AUTO_INCREMENT,
  `name` varchar(50) NOT NULL,
  `last_login` timestamp NULL DEFAULT NULL,
  PRIMARY KEY (`id`),
  UNIQUE KEY `name` (`name`),
  UNIQUE KEY `name_2` (`name`)
) ENGINE=InnoDB DEFAULT CHARSET=utf8mb3 COLLATE=utf8mb3_general_ci;
/*!40101 SET character_set_client = @saved_cs_client */;

--
-- Dumping data for table `organisations`
--
-- ORDER BY:  `id`

LOCK TABLES `organisations` WRITE;
/*!40000 ALTER TABLE `organisations` DISABLE KEYS */;
INSERT INTO `organisations` VALUES (1,'Mijn organisatie','2022-01-01 00:00:00');
/*!40000 ALTER TABLE `organisations` ENABLE KEYS */;
UNLOCK TABLES;

--
-- Table structure for table `page_access`
--

DROP TABLE IF EXISTS `page_access`;
/*!40101 SET @saved_cs_client     = @@character_set_client */;
/*!40101 SET character_set_client = utf8 */;
CREATE TABLE `page_access` (
  `page_id` int(10) unsigned NOT NULL,
  `role_id` int(10) unsigned NOT NULL,
  `level` int(10) unsigned NOT NULL,
  PRIMARY KEY (`page_id`,`role_id`),
  KEY `role_id` (`role_id`),
  CONSTRAINT `page_access_ibfk_1` FOREIGN KEY (`page_id`) REFERENCES `pages` (`id`),
  CONSTRAINT `page_access_ibfk_2` FOREIGN KEY (`role_id`) REFERENCES `roles` (`id`)
) ENGINE=InnoDB DEFAULT CHARSET=utf8mb3 COLLATE=utf8mb3_general_ci;
/*!40101 SET character_set_client = @saved_cs_client */;

--
-- Table structure for table `pages`
--

DROP TABLE IF EXISTS `pages`;
/*!40101 SET @saved_cs_client     = @@character_set_client */;
/*!40101 SET character_set_client = utf8 */;
CREATE TABLE `pages` (
  `id` int(10) unsigned NOT NULL AUTO_INCREMENT,
  `url` varchar(100) NOT NULL,
  `language` varchar(2) NOT NULL,
  `layout` varchar(100) DEFAULT NULL,
  `private` tinyint(1) NOT NULL,
  `style` text DEFAULT NULL,
  `title` varchar(100) NOT NULL,
  `description` varchar(200) NOT NULL,
  `keywords` varchar(100) NOT NULL,
  `content` text NOT NULL,
  `visible` tinyint(1) NOT NULL,
  `back` tinyint(1) NOT NULL,
  `form` tinyint(1) NOT NULL,
  `form_submit` varchar(32) DEFAULT NULL,
  `form_email` varchar(100) DEFAULT NULL,
  `form_done` text DEFAULT NULL,
  PRIMARY KEY (`id`),
  UNIQUE KEY `url` (`url`,`language`)
) ENGINE=InnoDB DEFAULT CHARSET=utf8mb3 COLLATE=utf8mb3_general_ci;
/*!40101 SET character_set_client = @saved_cs_client */;

--
-- Dumping data for table `pages`
--
-- ORDER BY:  `id`

LOCK TABLES `pages` WRITE;
/*!40000 ALTER TABLE `pages` DISABLE KEYS */;
INSERT INTO `pages` VALUES (1,'/documentation','nl',NULL,0,'ol {\r\n  padding-left:25px;\r\n}\r\n\r\nol ol {\r\n  list-style-type: lower-alpha;\r\n}','Documentatie','','','<h2>Het uitvoeren van een risicoanalyse met RAVIB</h2>\r\n<p>RAVIB is een tool die ondersteuning biedt bij een risicoanalyse voor informatiebeveiliging. Het doel is het selecteren van maatregelen uit de gekozen beveiligingsnorm op basis van dreigingen die middels een workshop in kaart zijn gebracht. Het gebruik van RAVIB gaat uit van het doorlopen van een aantal stappen, zoals hieronder aangegeven.</p>\r\n\r\n<ol>\r\n<li><a href=\"/documentation/bia\">Het in kaart brengen van relevantie informatiesystemen binnen uw organisatie.</a></li>\r\n<li><a href=\"/documentation/actors\">Het in kaart brengen van de actoren die een inbreuk kunnen maken op uw informatiebeveiliging.</a></li>\r\n<li><a href=\"/documentation/riskanalysis\">Het uitvoeren van de daadwerkelijke risicoanalyse:</a>\r\n<ol>\r\n<li><a href=\"/documentation/scope\">Het bepalen van de scope van de risicoanalyse.</a></li>\r\n<li><a href=\"/documentation/interests\">Het vastleggen van de te beschermen belangen.</a></li>\r\n<li><a href=\"/documentation/risks\">Het identificieren van de risico\'s.</a></li>\r\n<li><a href=\"/documentation/controls\">Het selecteren van mitigerende controls.</a></li>\r\n<li><a href=\"/documentation/scenarios\">Het uitwerken van mogelijke scenario\'s.</a></li>\r\n<li><a href=\"/documentation/report\">Het opstellen van de rapportage.</a></li>\r\n<li><a href=\"/documentation/progress\">Het bewaken van de voortgang van de control-implementatie.</a></li>\r\n</ol></li>\r\n</ol>\r\n\r\n<h2>Overige functionaliteiten</h2>\r\n<p>RAVIB bevat nog enkele functionaliteiten die niet direct betrekking hebben op het uitvoeren van een risicoanalyse. Deze staan hieronder uitgelegd.</p>\r\n<ul>\r\n<li><a href=\"/documentation/useradministration\">Het beheren van accounts voor overige gebruikers.</a></li>\r\n<li><a href=\"/documentation/datamanagement\">Het beheren van uw risicoanalyse-informatie.</a></li>\r\n<li><a href=\"/documentation/advisor\">Werken met RAVIB als informatiebeveiligingsadviseur.</a></li>\r\n</ul>',1,0,0,NULL,NULL,NULL),(2,'/documentation/bia','nl',NULL,0,NULL,'Documentatie - BIA','','','<p>Tijdens een business impact analyse (BIA) worden de relevante informatiesystemen van de organisatie in kaart gebracht en per systeem bepaald in welk opzicht en in welke mate deze belangrijk is voor de organisatie. Bespreek wat de impact is voor de organisatie in het geval van een probleem met de beschikbaarheid, integriteit en/of vertrouwelijkheid van het systeem en de daarin opgeslagen informatie.<p>\r\n\r\n<p>De systeemeigenaar is de aangewezen persoon om de classificatie van de in een systeem opgeslagen informatie te bepalen. Dit vereist dat voor ieder informatiesysteem een eigenaar is aangewezen.</p>\r\n\r\n<p>In de ideale situatie is de BIA buiten de risicoanalyse om gedaan en beschikt de organisatie reeds over een overzicht van alle informatiesystemen en op welke manier deze belangrijk zijn voor de organisatie. Deze stap is dan niet meer dan het overnemen van de benodigde informatie uit het centrale informatiesysteemoverzicht. De praktijk wijst helaas vaak anders uit.</p>\r\n\r\n<p>In deze stap hoef je je dus niet te beperken tot de informatiesystemen die binnen de scope van een eerste risicoanalyse vallen. Voer bij voorkeur alle informatiesystemen in die mogelijk binnen de scope van een toekomstige risicoanalyse vallen. Het kiezen van de scope van een risicoanalyse wordt namelijk in een andere stap gedaan.</p>',1,1,0,NULL,NULL,NULL),(3,'/documentation/actors','nl',NULL,0,NULL,'Documentatie - Actoren','','','<p>In deze stap worden de actoren in kaart gebracht die een bedreiging vormen voor de informatiebeveiliging. Hun acties kunnen onbedoeld leiden tot een incident door gebrek aan kundigheid of interesse op het gebied van informatiebeveiliging of omdat zij bewust en doelgericht een digitale aanval uitvoeren.</p>\r\n\r\n<p>Op basis van de opgegeven bereidheid, kennisniveau en de middelen, bepaald RAVIB het dreigingsniveau dat van een actor uitgaat. Indien voor een actor geen middelen wordt opgegeven, gaat RAVIB er vanuit dat de actor geen kwade bedoelingen heeft en dat een incident veroorzaakt door deze actor niet bedoeld was.</p>\r\n\r\n<p>Het overzicht van mogelijke actoren is een noodzakelijk hulpmiddel bij het inschatten van de kans van een dreiging tijdens de risicoanalyse. De daarvoor beschikbare handout, die via de \'Belangen\'-pagina van een casus gemaakt kan worden, bevat dit overzicht.</p>',1,1,0,NULL,NULL,NULL),(4,'/documentation/scope','nl',NULL,0,NULL,'Documentatie - Scope bepalen','','','<p>De eerste stap die genomen moet worden voordat men kan beginnen aan een risicoanalyse is het bepalen van de scope. Zeker bij grote organisaties is het ondoenlijk om één risicoanalyse voor de gehele organisatie uit te voeren. Het dan verstandiger om meerdere risicoanalyses uit te voeren waarbij je je per risicoanalyse richt op een beperkt onderdeel van de organisatie.</p>\r\n\r\n<p>Indien dit de eerste keer is dat je een risicoanalyse uitvoert, richt je dan op de vitale processen van de organisatie. De vitale processen van een organisatie zijn de processen die ervoor zorgen dat de producten of diensten die een organisatie levert, ook daadwerkelijk geleverd kunnen worden. Neem de informatiesystemen van een vitaal proces als scope voor een risicoanalyse. Maak zelf een afweging of bepaalde vitale processen gezamenlijk in een risicoanalyse behandeld kunnen worden.</p>\r\n\r\n<p>Concreet betekent het bepalen van de scope, bepalen welke informatiesystemen je meeneemt in de risicoanalyse. De scope kan bestaan uit de informatiesystemen behorende bij bijvoorbeeld een proces, een afdeling, een project of een om andere reden bij elkaar horende verzameling van informatiesystemen. Wees voorzichtig met het te ruim kiezen van je scope. Het gevaar van een te ruime scope is dat je daardoor niet diep genoeg op belangrijke details ingaat en dus een te oppervlakkig beeld krijgt van de feitelijke risico’s.</p>',1,1,0,NULL,NULL,NULL),(5,'/documentation/riskanalysis','nl',NULL,0,NULL,'Documentatie - Risicoanalyse','','','<h2>De voorbereiding</h2>\r\n<p>Het is zeer belangrijk om te beseffen dat tijdens een risicoanalyse kennis over welke risico’s een organisatie loopt niet kan voortkomen uit een hulpmiddel of een methodiek, maar slechts uit de mensen die aanwezig zijn bij de risicoanalyse. Zij zijn namelijk degene die weten wat er speelt. Een risicoanalyse is niet meer dan een manier om deze kennis op een gestructureerde manier te verzamelen. De risicoanalyse valt of staat bij de selectie van de deelnemers. Ga dus opzoek naar mensen die goed zicht hebben op wat echt belangrijk is voor de organisatie, maar daarbij nog voldoende zicht hebben op wat er speelt op de werkvloer. Ga opzoek naar mensen die verantwoordelijk zijn voor de zaken die binnen de gekozen scope vallen, mensen die direct de nadelen ondervinden van problemen die zich binnen de gekozen scope voordoen. Realiseer je daarbij dat personen die goed zijn in het inschatten van de kans op een incident, niet per se de personen die ook de juiste impact ervan kunnen inschatten en andersom. Vaak zijn mensen uit de business beter in het inschatten van de impact en techneuten beter in het inschatten van de kans.</p>\r\n\r\n<p>Voorafgaand aan de risicoanalyse dient aan de waarden voor impact een bedrag gekoppeld te worden. Dit is in RAVIB niet vast ingevuld, omdat dit voor iedere organisatie anders is. Een schadepost van €10.000,- kan voor een kleine onderneming een groot bedrag zijn en voor een multinational een niet noemenswaardig bedrag. Deze waarden kunnen het beste bepaald worden met iemand met gedegen kennis van de financiële situatie van de organisatie. Hierbij is het belangrijk om te beseffen dat deze waarden niet bedoeld zijn om een schadebedrag aan de uiteindelijke risico\'s te koppelen, maar slechts om de impact van een risico goed te kunnen plaatsen ten opzichte van de impact van de andere risico\'s. De impact hoeft per risico dan ook niet met een berekening of harde cijfers aangetoond te worden. Een goed onderbouwd gevoel is voldoende. Een goed overwogen impact is ook belangrijk om een risicoanalyse op een later moment te kunnen herhalen en de resultaten te kunnen vergelijken met de eerder uitgevoerde analyse.</p>\r\n\r\n<h2>Een eerste bijeenkomst</h2>\r\n<p>Een goede risicoanalyse doe je niet in tien minuten. De daarvoor benodigde tijd ligt meer in de buurt van een halve dag. De daadwerkelijk benodigde tijd is uiteraard afhankelijk van de gekozen scope, het aantal deelnemers en hun ervaring met het uitvoeren van een risicoanalyse. Het is daarom belangrijk dat de deelnemers goed beseffen wat er van hen verwacht wordt. Spreek met hen het proces door en geef ze een beeld van het soort vragen dat hen te wachten staat. Voer alleen een risicoanalyse uit met mensen die bereid zijn deze hoeveelheid tijd en energie erin te steken, anders is het zonde van de moeite.</p>\r\n\r\n<p>Hoewel de scope van de risicoanalyse een proces of een afdeling kan zijn, voer je de risicoanalyse uit op de daarbij behorende informatie en informatiesystemen. Want hoewel een risico kan voortkomen uit, bijvoorbeeld, een verkeerd ingericht of ontbrekend proces, dient gekeken te worden naar de risico’s ten aanzien van informatie. We hebben het hier ten slotte over informatiebeveiliging en niet over procesbeveiliging.</p>',1,1,0,NULL,NULL,NULL),(6,'/documentation/risks','nl',NULL,0,NULL,'Documentatie - Risico\'s indentificeren','','','<p>Tijdens de risicoanalyse worden de risico\'s in kaart gebracht die relevant zijn voor de organisatie. Daarbij wordt bepaald wat de kans is dat een risico leidt tot een incident en wat de impact is van zo\'n incident. Vervolgens dient bepaald te worden hoe omgegaan moet worden met het vastgestelde risico. RAVIB beschikt over een lijst van algemene dreigingen (templates). Het gebruik van deze lijst is uiteraard niet verplicht. De lijst is bedoeld als inspiratiebron. Indien een ISO 27001 certificering het doel is, is het doorlopen van deze gehele templatelijst het overwegen waard.</p>\r\n\r\n<p>Aan het eind van het opstellen van de scope kan een handout gemaakt worden. Deze uitleg gaat er vanuit dat de deelnemers beschikken over deze handout.</p>\r\n\r\n<p>Het eerste dat je bepaalt bij een risico is de mogelijke actor. Ga daarbij na welke actor baat heeft bij het verkrijgen van toegang tot informatie of het schaden van de organisatie. Niet ieder risico heeft een actor. Soms treed een incident op omdat je gewoon pech hebt. Hardware gaat bijvoorbeeld wel eens stuk. Zijn meerdere actoren mogelijk, ga dan uit van de meest bedreigende actor.</p>\r\n\r\n<p>Ga bij het bepalen van de kans uit van de dreiging die uitgaat van de gekozen actor en de (mogelijke) aanwezigheid van kwetsbaarheden in de betreffende systemen. De vertaling van de dreiging vanuit de actor naar de kans-factor kan bepaald worden zoals aangegeven op de handout. Dit is echter de kans die hoort bij het bruto risico. Waar we naar opzoek zijn is de kans waarbij rekening is gehouden met de reeds genomen maatregelen. Dit is het netto risico. Het doel is namelijk dat uiteindelijk alle risico\'s geaccepteerd kunnen worden, doordat afdoende maatregelen genomen zijn.</p>\r\n\r\n<p>Bij het verlagen van de kans als gevolg van genomen maatregelen, stelt RAVIB de volgende regel voor. Heb je voldoende maatregelen genomen, ga dan maximaal twee niveau\'s omlaag in de kans. Zijn er wel maatregelen genomen, maar is er ruimte voor verbetering, ga dan maximaal een niveau omlaag. De reden hiervoor is dat het niet realistisch is om te denken dat een geavanceerde actor die het op jou voorzien heeft, buiten de deur gehouden kan worden. Wil je het risico verder verlagen, dan moet je dus impactverlagende maatregelen nemen. Vaak blijkt dat als een actor eenmaal binnen is, deze vrij spel heeft. Te veel organisaties nemen te weinig impactverlagende maatregelen. Met deze regel probeert RAVIB daar wat aan te doen. Uiteraard staat het je vrij om van deze regel af te wijken.</p>\r\n\r\n<p>Is voor de risico geen actor nodig of is de actor geen kwaadwillende actor, bekijk dan hoe vaak een incident als gevolg van het risico zou kunnen optreden.</p>\r\n\r\n<p>De impact wordt bepaald door alle mogelijke gevolgen van een incident. Denk aan de mogelijke gevolgen voor de beschikbaarheid, integriteit en vertrouwelijkheid van de getroffen informatie, de imagoschade, financiële schade of bestuurlijke / politieke gevolgen.</p>\r\n\r\n<p>Neem ook risico\'s met een laag risico op in het overzicht, ook al accepteer je het risico. Deze zijn namelijk mogelijk bruikbaar bij het opstellen van een scenario in een volgende stap.</p>\r\n\r\n<p>Het is goed om je te realiseren dat een risico meestal geen stip op de risicomatrix is, maar een lijn. Een risico kan zich met een kleine impact manifesteren of met een grote impact. Risico\'s met een lage impact hebben doorgaans een grotere kans dan die met een hoge impact. Neem bijvoorbeeld het ontvangen van phishing mail. Een mailserver ontvangt dagelijks vele phishingmails, maar de meeste daarvan worden door filters tegengehouden. Soms komt er wat relatief onschadelijke phishingmail door, maar doorzien gebruikers het of is het achterliggende webformulier door de hostingpartij al verwijderd. Heel soms is het raak en vullen gebruikers daarwerkelijk vertrouwelijke gegevens in. Deze situaties zijn in een lijn op de risicomatrix te plotten. Het is mogelijk om met maatregelen de gehele lijn te verlagen, maar wellicht wil je je als eerst richten op het middenste deel van de lijn en daarna op het rechter deel van de lijn.</p>\r\n\r\n<p>Bij de aanpak betekent \'beheersen\' het verlagen van zowel de kans als de impact, \'ontwijken\' het verlagen van de kans, \'verweren\' het verlagen van de impact en \'accepteren\' het niet nemen van verdere acties om het risico te verlagen. Het kiezen van \'accepteren\' is alleen zinvol als ervoor gekozen wordt om de gehele lijst van dreigingentemplates door te werken.</p>\r\n\r\n<p>Per risico zijn drie invulvelden beschikbaar; \'Gewenste situatie / te nemen acties\', \'Huidige situatie / huidige maatregelen\' en \'Argumentatie voor gemaakte keuze\'. Deze velden kunnen gebruikt worden voor respectievelijk een nulmeting, het latere plan van aanpak en argumentatie over de gekozen kans, impact en aanpak. De argumentatie is belangrijke informatie bij een eventuele certificering. De inhoud van deze velden is daardoor belangrijker dan de kans, impact en aanpak velden. Deze laatste geven in feite niet meer dan een prioritering of urgentie aan.</p>',1,1,0,NULL,NULL,NULL),(7,'/documentation/controls','nl',NULL,0,NULL,'Documentatie - Controls selecteren','','','<p>Nadat de dreigingen zijn geïdentificeerd, moet voor iedere dreiging passende controls worden gekozen. De beschikbare controls zijn afkomstig uit de voor deze casus gekozen standaard, bijvoorbeeld de NEN-ISO/IEC 27002. Het is raadzaam om voor deze stap de gekozen standaard erbij te houden. Het is verstandig om deze stap uit te voeren met of door iemand met voldoende kennis van de gekozen standaard.</p>\r\n\r\n<p>Een control kan kans-verlagend, impact-verlagend of beide zijn. Afhankelijk van de gekozen aanpak voor een dreiging, zijn controls daarmee in lijn of niet. Indien men bijvoorbeeld heeft gekozen voor een ontwijkende aanpak (het verlagen van de kans), dan zijn de impact verlagende controls daarmee niet in lijn. Deze kunnen alsnog worden geselecteerd, maar de tekst van de controls is doorgestreept om het niet-in-lijn-zijn van de control duidelijk te maken.</p>\r\n\r\n<p>Bovenaan de contorlslijst staat de naam van de norm waar deze controls uit afkomst zijn. Rechts daarvan staat een kruis-symbool. Indien men daarop klikt, dan verschijnt een pulldown met daarin de in RAVIB aanwezige dreigingen-templates. Het selecteren van een van deze dreigingen, zorgt ervoor dat de volgens RAVIB mitigerende controls worden geaccentueerd. De selectie wordt dus niet aangepast.</p>\r\n\r\n<p>Een uitroepteken-icoontje geeft een conflict aan. Dit is als u controls selecteert voor een dreiging die u geaccepteerd heeft of als u bij een dreiging die u niet geaccpeteerd heeft nog geen controls heeft geselecteerd.</p>',1,1,0,NULL,NULL,NULL),(8,'/documentation/report','nl',NULL,0,NULL,'Documentatie - Rapportage opstellen','','','<p>Is de risicoanalyse afgerond, dan kan de rapportage worden opgesteld. De rapportage bevat een overzicht van de uitgevoerde risicoanalyse en geeft geen oordeel over het resultaat ervan.</p>',1,1,0,NULL,NULL,NULL),(9,'/documentation/progress','nl',NULL,0,NULL,'Documentatie - Voortgang bewaken','','','<p>De laatste en tevens optionele stap die RAVIB biedt, is het bewaken van de voortgang van de control-implementatie. Per control kunnen taken worden uitgezet. De persoon aan wie een taak wordt toegewezen, hoeft uiteraard de taak niet per se zelf uit te voeren, maar slechts ervoor te zorgen dat het uitgevoerd wordt. Een tweede persoon kan worden aangewezen om een zoveel mogelijk onafhankelijke toetsing te doen op een correcte implementatie van de control.</p>\r\n\r\n<p>Bij het vastleggen van een taak, kan gekozen worden om notificaties per e-mail te versturen. RAVIB stuurt een herinnering van de taak per e-mail bij het verstrijken van de deadline. De controleur van een control kan via een link in de ontvangen mail een taak als zijnde \'gereed\' markeren.</p>',1,1,0,NULL,NULL,NULL),(10,'/documentation/datamanagement','nl',NULL,0,NULL,'Documentatie - Databeheer','','','<h2>Exporteren van uw data</h2>\r\n<p>De databeheer-sectie in RAVIB biedt u de mogelijkheid om uw risicoanalyses veilig te stellen middels een export. De informatie die in de export wordt meegenomen zijn de informatiesystemen uit de BIA, de actoren en de risicoanalyses. Wat niet wordt geëxporteerd zijn de gebruikers.</p>\r\n\r\n<p>De export is een GZip-bestand met daarin een kopie van de data in JSON. De data is digitaal ondertekend, waar bij een import op wordt gecontroleerd. Dit is ter bescherming van de integriteit van de database bij een import.</p>\r\n\r\n<h2>Importeren van uw data</h2>\r\n<p>Geëporteerde data kan uiteraard ook weer worden geïmporteerd. In de data uit de voortgang-sectie kunnen verwijzingen zitten naar gebruikers. Omdat gebruikers niet worden meegenomen in de export, moeten deze eerst worden aangemaakt. Verwijzingen naar niet-bestaande gebruikers worden na de import aangegeven en tevens vermeld in het informatie-veld van een taak. Er kan gekozen worden om de ontbrekende gebruikers aan te maken en de import opnieuw uit te voeren.</p>',1,1,0,NULL,NULL,NULL),(11,'/documentation/advisor','nl',NULL,0,NULL,'Documentatie - Adviseur','','','<p>RAVIB is ook inzetbaar voor adviseurs op het gebied van informatiebeveiliging. Zowel de adviseur als de klant maken daarvoor een eigen RAVIB-account aan voor hun eigen organisatie. De adviseur stuurt via de adviseursmodule een verzoek naar de klant om toegang te krijgen tot diens risicoanalyses. Indien dat verzoek door de klant wordt goedgekeurd, dan kan de adviseur via de adviseursmodule tijdelijk overschakelen naar de organisatie van de klant. De adviseur ziet dan de BIA, de actoren en de risicoanalyses van de klant. Zowel de adviseur als de klant kunnen deze toestemming weer intrekken.</p>\r\n\r\n<p>Het goedkeuren van een verzoek tot toegang kan alleen gebeuren door iemand met de Beheerder-rol. Een beheerder klikt daarvoor in de balk onderaan op de CMS-link. In het CMS kan via de Advisors-module aanvragen worden goedgekeurd en geweigerd en gegeven toestemmingen weer worden ingetrokken.</p>',1,1,0,NULL,NULL,NULL),(12,'/documentation/useradministration','nl',NULL,0,NULL,'Documentatie - Gebruikersbeheer','','','<p>Het is voor een gebruiker met de Beheerder-rol mogelijk om andere gebruikers binnen dezelfde organisatie te beheren. Een beheerder klikt daarvoor in de balk onderaan op de CMS-link.</p>\r\n\r\n<p>Via de Users-module kunnen accounts voor andere gebruikers worden aangemaakt, gewijzigd of verwijderd. De Access-module geeft een overzicht van de rechten van de verschillende gebruikers en de mogelijke rollen. De Controleur-rol is voor mensen die taken die zijn uitgedeeld in de Voortgang-module moeten kunnen goedkeuren, maar geen verdere toegang tot RAVIB willen of mogen hebben.</p>',1,1,0,NULL,NULL,NULL),(13,'/documentation/interests','nl',NULL,0,NULL,'Documentatie - Te beschermen belangen vastleggen','','','<p>De informatie binnen de scope en de processen die door deze informatie worden ondersteund, dienen een of meerdere belangen. Het is goed om deze belangen duidelijk en volledig vast te leggen. Dit helpt namelijk bij het bepalen van de impact. Het helpt ook om binnen de organisatie het belang van informatiebeveiliging duidelijk te krijgen. Informatiebeveiliging is namelijk geen op zichzelf staand iets. Het ondersteunt namelijk het behalen van organisatiedoelen.</p>\r\n\r\n<p>Denk bij het bepalen van de te beschermen belangen in termen van bedrijfsdoelen en imago, maar ook aan belangen van eventuele derde partijen.</p>',1,1,0,NULL,NULL,NULL),(14,'/documentation/scenarios','nl',NULL,0,NULL,'Documentatie - Scenario\'s uitwerken','','','<p>Een groot incident is vaak niet het gevolg van een enkele kwetsbaarheid, maar een aaneenschakeling van incidenten. Zo begon de hack in de Rotterdamse haven met het binnenhalen van een met malware besmette software-update bij een vestiging in Oekraïne, omdat de leverancier van die software gehackt was. Via een internationaal intern netwerk (netwerksegmentering en interne firewalls ontbraken) kon de malware de systemen in de Rotterdamse haven bereiken en deze besmetten door het ontbreken van security updates.</p>\r\n\r\n<p>Bedenk in deze stap dus hoe meerdere dreigingen samen tot een groot incident kunnen leiden. Zo\'n scenario kan wat Hollywood-achtig aanvoelen, maar dat waren de beschrijvingen van de Diginotar-hack en de aanval op de Rotterdamse haven van te voren ook. Het gaat bij een scenario niet om of het waarschijnlijk is, maar of het technisch gezien mogelijk is.</p>\r\n\r\n<p>In de documentatie voor de dreigingsanalyse is geadviseerd om ook de dreigingen met een laag risico op te nemen. Dit zijn namelijk mogelijke opstapjes naar een groot incident. Denk dus ook over deze risico\'s na om te bepalen of deze onderdeel kunnen vormen van een scenario.</p>\r\n\r\n<p>Door op basis van de concreet vastgestelde dreigingen zelf een of meerdere scenario\'s te bedenken, kan de ernst van de afzonderlijke dreigingen en kwetsbaarheden beter begrijpbaar gemaakt worden. Dit maakt het makkelijker om aandacht te vragen voor de noodzaak van de mitigerende maatregelen en de eventueel daarvoor noodzakelijke investeringen.</p>',1,1,0,NULL,NULL,NULL),(16,'/documentation','en',NULL,0,'ol {\r\n  padding-left:25px;\r\n}\r\n\r\nol ol {\r\n  list-style-type: lower-alpha;\r\n}','Documentation','','','<h2>Performing a risk analysis with RAVIB</h2>\r\n<p>RAVIB is a tool that helps you to perform a risk analysis for information security. The goal is a selection of controls from the chosen security standard, based on threats that have been mapped out during a workshop. The use of RAVIB is based on a series of steps, as indicated below.</p>\r\n\r\n<ol>\r\n<li><a href=\"/documentation/bia\">Mapping relevant information systems within your organization.</a></li>\r\n<li><a href=\"/documentation/actors\">Identifying the actors that can breach your information security.</a></li>\r\n<li><a href=\"/documentation/riskanalysis\">Performing the actual risk analysis:</a>\r\n<ol>\r\n<li><a href=\"/documentation/scope\">Determining the scope of the risk analysis.</a></li>\r\n<li><a href=\"/documentation/interests\">Specifying the interests.</a></li>\r\n<li><a href=\"/documentation/risks\">Identifying the risks.</a></li>\r\n<li><a href=\"/documentation/controls\">Selecting the mitigating controls.</a></li>\r\n<li><a href=\"/documentation/scenarios\">Working out possible scenarios.</a></li>\r\n<li><a href=\"/documentation/report\">Drawing up the report.</a></li>\r\n<li><a href=\"/documentation/progress\">Monitoring the progress of the control implementation.</a></li>\r\n</ol></li>\r\n</ol>\r\n\r\n<h2>Other functionalities</h2>\r\n<p>RAVIB contains a few more functionalities that are not directly related to performing a risk analysis. These are explained below.</p>\r\n<ul>\r\n<li><a href=\"/documentation/usermanagement\">Manage accounts for other users.</a></li>\r\n<li><a href=\"/documentation/datamanagement\">Managing your risk analysis information.</a></li>\r\n<li><a href=\"/documentation/advisor\">Working with RAVIB as an information security advisor.</a></li>\r\n</ul>',1,0,0,NULL,NULL,NULL),(17,'/documentation/actors','en',NULL,0,NULL,'Documentation - Actors','','','<p>In this step, the actors that pose a threat to information security are identified. Their actions can inadvertently lead to an incident due to lack of knowledge or lack of interest in information security or because they deliberately and purposefully carry out a digital attack.</p>\r\n\r\n<p>Based on the stated willingness, level of knowledge and resources, RAVIB determines the threat level posed by an actor. If no resources are specified for an actor, RAVIB assumes that the actor has no malicious intent and that an incident caused by this actor was not intended.</p>\r\n\r\n<p>The overview of possible actors is a necessary aid in estimating the probability of a threat during the risk analysis. The available handout, which can be made via the scope page, contains this overview.</p>',1,1,0,NULL,NULL,NULL),(18,'/documentation/advisor','en',NULL,0,NULL,'Documentation - Advisor','','','<p>RAVIB can also be used by information security consultants. Both the advisor and the client create their own RAVIB account for their own organization. The advisor sends a request to the client via the advisor module to gain access to his risk analyses. If that request is approved by the client, the adviser can temporarily switch to the client\'s organization via the adviser module. The advisor has access to the BIA, the actors and the risk analyzes of the client. Both the advisor and the client can revoke this permission.</p>\r\n\r\n<p>Approving a request for access can only be done by someone with the Administrator role. In the CMS, accessible for an administrator via the CMS link in the bar at the bottom, requests can be approved and denied and permissions given can be revoked via the Advisors module.</p>',1,1,0,NULL,NULL,NULL),(19,'/documentation/bia','en',NULL,0,NULL,'Documentation - BIA','','','<p>During a business impact analysis (BIA), the relevant information systems of the organization are mapped. The way a system is important for the organization is determined for each system. Discuss the impact on the organization in the event of a problem with the availability, integrity and/or confidentiality of the system and the information stored therein.<p>\r\n\r\n<p>The system owner is the best person to determine the classification of the information stored in a system. This requires that an owner is designated for each information system.</p>\r\n\r\n<p>In the ideal situation, the BIA is done outside the risk analysis and the organization already has an overview of all information systems and in what way they are important for the organization. This step is then no more than copying the required information from the central information system overview. Unfortunately, reality often shows otherwise.</p>\r\n\r\n<p>In this step you do not have to limit yourself to the information systems that fall within the scope of an initial risk analysis. Preferably, enter all information systems that may fall within the scope of a future risk analysis. Choosing the scope of a risk analysis is done in a different step.</p>',1,1,0,NULL,NULL,NULL),(20,'/documentation/controls','en',NULL,0,NULL,'Documentation - Control selection','','','<p>After the threats have been identified, appropriate controls must be chosen for each threat. The available controls come from the standard chosen for this case, for example NEN-ISO/IEC 27002. It is advisable to keep the chosen standard for this step. It is wise to perform this step with or by someone with sufficient knowledge of the chosen standard.</p>\r\n\r\n<p>A control can be chance-reducing, impact-reducing or both. Depending on the approach chosen for a threat, controls are in line with it or not. For example, if one has opted for an evasive approach (reducing the chance), the impact-reducing control are not in line with this. These can still be selected, but the text of the control has been crossed out to make clear that the measure is not in line.</p>\r\n\r\n<p> At the top of the control list is the name of the standard from which these controls originate. To the right of it is a cross symbol. If you click on it, a pulldown appears with the threat templates present in RAVIB. Selecting one of these threats ensures that the, according to RAVIB, mitigating controls are accentuated. The current selection, however, is not adjusted.</p>\r\n\r\n<p>An exclamation mark icon indicates a conflict. This is if you select controls for a threat that you have accepted or if you have not yet selected controls for a threat that you have not accepted.</p>',1,1,0,NULL,NULL,NULL),(21,'/documentation/datamanagement','en',NULL,0,NULL,'Documentation - Data management','','','<h2>Export your data</h2>\r\n<p>The data management section in RAVIB offers you to secure your risk analyzes by means of an export. The information that is included in the export is the information systems from the BIA, the actors and the risk analyses. The user accounts are not included.</p>\r\n\r\n<p>The export is a GZip file containing a copy of the data in JSON. The data is digitally signed, which is verified during an import. This is to protect the integrity of the database during an import.</p>\r\n\r\n<h2>Import your data</h2>\r\n<p>Exported data can of course be imported again. The data from the progress section may contain references to users. Because users are not included in the export, they must be created first. A list of non-existent users is shown after the import and also listed in the information field of a task. You can choose to create the missing users and re-import the data.</p>',1,1,0,NULL,NULL,NULL),(22,'/documentation/interests','en',NULL,0,NULL,'Documentation - Specifying the interests','','','<p>The information within the scope and the processes supported by this information serve one or more interests. It is good to document these interests clearly and completely. This helps determining the impact. It also helps to clarify the importance of information security within the organization. Information security is not an isolated thing. It supports the achievement of organizational goals.</p>\r\n\r\n<p>When determining the interests, think of it in terms of business goals and image, but also the interests of any other third party.</p>',1,1,0,NULL,NULL,NULL),(23,'/documentation/progress','en',NULL,0,NULL,'Documentation - Progress','','','<p>The last and optional step that RAVIB offers is monitoring the progress of the control implementation. Tasks can be assigned for each control. The person to whom a task is assigned, of course, does not necessarily have to perform the task himself, but only have to make sure that it is carried out. A second person can be appointed to carry out an independent assessment as far as possible on the correct implementation of the control.</p>\r\n\r\n<p>When recording a task, you can choose to send notifications by e-mail. RAVIB sends a reminder of the task by e-mail when the deadline has passed. The reviewer of a controle can mark a task as \'finished\' via a link in the received mail.</p>',1,1,0,NULL,NULL,NULL),(24,'/documentation/report','en',NULL,0,NULL,'Documentation - Drawing up the report','','','<p>Once the risk analysis has been completed, the report can be drawn up. The report contains an overview of the risk analysis performed and does not express an opinion on the result.</p>',1,1,0,NULL,NULL,NULL),(25,'/documentation/riskanalysis','en',NULL,0,NULL,'Documentation - Risk analysis','','','<h2>The preparation</h2>\r\n<p>It is very important to realize that during a risk analysis, knowledge about which risks an organization runs cannot arise from a tool or a method, but only from the people who are present during the risk analysis. They are the ones who know what is going on. A risk analysis is no more than a way to collect this knowledge in a structured way. The risk analysis stands or falls with the selection of the participants. So look for people who have a good idea of ​​what is really important for the organization, but who also have sufficient insight into what is going on in the workplace. Look for people who are responsible for things that fall within the chosen scope, people who directly experience the disadvantages of problems that occur within the chosen scope. You should realize that people who are good at estimating the probability of an incident, are not necessarily the people who can also estimate the correct impact and vice versa. Often people from the business are better at estimating the impact and techies better at estimating the opportunity.</p>\r\n\r\n<p>Prior to the risk analysis, an amount must be linked to the values ​​for impact. This is not a fixed thing in RAVIB, because this is different for every organization. A loss of €10,000 can be a large amount for a small company and an insignificant amount for a multinational. These values ​​are best determined with someone with solid knowledge of the financial situation of the organization. It is important to realize that these values ​​are not intended to link a claim amount to the ultimate risks, but only to be able to properly place the impact of a risk in relation to the impact of the other risks. The impact per risk therefore does not have to be demonstrated with a calculation or hard figures. A well-founded feeling is sufficient. A well-considered impact is also important in order to be able to repeat a risk analysis at a later time and to compare the results with the analysis performed earlier.</p>\r\n\r\n<h2>A first meeting</h2>\r\n<p>A good risk analysis is not something you can do in ten minutes. The time required for this is closer to half a day. The actual time required naturally depends on the chosen scope, the number of participants and their experience in performing a risk analysis. It is therefore important that the participants are well aware of what is expected of them. Discuss the process with them and give them an idea of ​​the kind of questions that await them. Only conduct a risk assessment with people who are willing to put in this amount of time and energy, otherwise it will be a waste of effort.</p>\r\n\r\n<p>Although the scope of the risk analysis can be a process or a department, you perform the risk analysis on the associated information and information systems. Because although a risk can arise from, for example, a wrongly organized or missing process, the risks with regard to information must be considered. After all, we are talking about information security here and not process security.</p>',1,1,0,NULL,NULL,NULL),(26,'/documentation/scenarios','en',NULL,0,NULL,'Documentation - Scenarios','','','<p>A major incident is often not the result of a single vulnerability, but a series of incidents. For example, the hack in the port of Rotterdam started with downloading a software update infected with malware, because the supplier had been hacked. Via an international internal network (network segmentation and internal firewalls were missing), the malware was able to reach the systems in the port of Rotterdam and actually infect it due to the lack of security updates.</p>\r\n\r\n<p>In this step, think about how multiple threats combined together can lead to a major incident. Such a scenario may feel somewhat Hollywood-esque, but so were the descriptions of the Diginotar hack and the attack on the port of Rotterdam beforehand. A scenario is not about whether it is probable, but whether it is technically possible.</p>\r\n\r\n<p>The threat assessment documentation recommends including low-risk threats. These are possible stepping stones to a major incident. So, also think about these risks to determine whether they can become part of a scenario.</p>\r\n\r\n<p> By devising one or more scenarios based on the specific threats identified, the seriousness of the individual threats and vulnerabilities can be made more understandable. This makes it easier to draw attention to the necessity of the mitigating measures and the investments that may be necessary for this.</p>',1,1,0,NULL,NULL,NULL),(27,'/documentation/scope','en',NULL,0,NULL,'Documentation - Scope','','','<p>The first step that must be taken before starting a risk analysis is determining the scope. It is especially impractical for large organizations to perform a single risk analysis for the entire organization. It would then be wiser to perform multiple risk analyzes in which you focus on a smaller part of the organization for each risk analysis. </p>\r\n\r\n<p>If this is your first time performing a risk analysis, focus on the vital processes of the organization. The vital processes of an organization are the processes that ensure that the main products or services that an organization provides can actually be delivered. Take the information systems of a vital process as the scope for a risk analysis. Decide for yourself whether certain vital processes can be treated together in a single risk analysis.</p>\r\n\r\n<p>So, defining the scope means determining which information systems you include in the risk analysis. The scope can consist of the information systems belonging to, for example, a process, a department, a project or a collection of information systems that belong together for another reason. Be careful about choosing your scope too wide. The danger of a scope that is too broad is that you do not go deeply enough into important details and therefore get a too superficial picture of the actual risks.</p>',1,1,0,NULL,NULL,NULL),(28,'/documentation/risks','en',NULL,0,NULL,'Documentation - Risks identification','','','<p>During the risk identification, the risks that are relevant to the organization are identified. This involves determining the probability that a risk will lead to an incident and the impact of such an incident. It must then be determined how to deal with the identified risk. RAVIB has a list of general threats (templates). The use of this list is of course not mandatory. The list is intended as a source of inspiration. If an ISO 27001 certification is the goal, going through this entire template list is worth considering.</p>\r\n\r\n<p>A handout can be made at the end of setting up the scope. This explanation assumes that the participants have this handout.</p>\r\n\r\n<p>The first thing you determine when dealing with a risk is the possible actor. Find out which actor benefits from gaining access to information or harming the organization. Not every risk has an actor. Sometimes an incident occurs because you are just unlucky. For example, hardware sometimes breaks. If several actors are possible, then assume the most threatening actor.</p>\r\n\r\n<p> When determining the probability, start from the threat posed by the chosen actor and the (possible) presence of vulnerabilities in the systems concerned. The translation of the threat from the actor to the chance factor can be determined as indicated on the handout. However, this is the probability associated with the gross risk. What we are looking for is the opportunity that takes into account the measures already taken. This is the net risk. The goal is that ultimately every risk can be accepted because adequate measures have been taken.</p> \r\n\r\n<p>When reducing the probability as a result of measures taken, RAVIB proposes the following rule. If you have taken enough measures, go down a maximum of two levels in the chance. If measures have been taken, but there is room for improvement, go down one level at most. The reason for this is that it is not realistic to think that an advanced actor targeting you can be kept out. If you want to further reduce the risk, you must therefore take impact-reducing measures. It often turns out that once an actor is inside, he has free rein. Too many organizations take too few impact-reducing measures. With this rule, RAVIB tries to do something about it. You are of course free to deviate from this rule.</p>\r\n\r\n<p>If the risk does not require an actor or if the actor is not a malicious actor, see how often an incident could occur as a result of the risk.</p>\r\n\r\n<p>The impact is determined by all possible consequences of an incident. Think of the possible consequences for the availability, integrity and confidentiality of the affected information, image damage, financial damage or administrative / political consequences.</p>\r\n\r\n<p>Include low-risk in the overview, even if you accept the risk. These may be useful when drawing up a scenario in a next step.</p>\r\n\r\n<p>It is good to realize that a risk is usually not a dot on the risk matrix, but a line. A risk can manifest itself with a small impact or with a large impact. Low-impact risks tend to be more likely than high-impact risks. Take, for example, receiving phishing mail. A mail server receives many phishing emails every day, but most of them are blocked by filters. Sometimes some relatively harmless phishing mail gets through, but users see through it or the underlying web form has already been removed by the hosting party. Very occasionally it hits the spot and users fill in really confidential information. These situations can be plotted in a line on the risk matrix. It is possible to lower the entire line with measures, but you may want to focus first on the middle part of the line and then on the right part of the line.</p>\r\n\r\n<p>In the approach, \'control\' means lowering the probability as well as the impact, \'avoid\' means lowering the probability, \'resist\' means lowering the impact and \'accept\' means not taking further action to mitigate the risk. to lower. Choosing \'accept\' only makes sense if you choose to work through the entire list of threat templates.</p>\r\n\r\n<p>Three entry fields are available per ; \'Desired situation / actions to be taken\', \'Current situation / current measures\' and \'Argumentation for the choice made\'. These fields can be used for a baseline measurement, the later action plan and argumentation about the chosen chance, impact and approach, respectively. The argumentation is important information for any certification. The content of these fields is therefore more important than the chance, impact and approach fields. In fact, the latter indicate no more than a prioritization or urgency.</p>',1,1,0,NULL,NULL,NULL),(29,'/documentation/usermanagement','en',NULL,0,NULL,'Documentation - User management','','','<p>It is possible for a user with the Administrator role to manage other users within the same organization. To do so, an administrator clicks on the CMS link in the bar at the bottom.</p>\r\n\r\n<p>Using the Users module, accounts for other users can be created, modified or deleted. The Access module provides an overview of the rights of the different users and the possible roles. The Verifier role is for people who need to be able to approve tasks assigned in the Progress module, but don\'t want or aren\'t allowed to have more access rights in the RAVIB website.</p>',1,1,0,NULL,NULL,NULL);
/*!40000 ALTER TABLE `pages` ENABLE KEYS */;
UNLOCK TABLES;

--
-- Table structure for table `reroute`
--

DROP TABLE IF EXISTS `reroute`;
/*!40101 SET @saved_cs_client     = @@character_set_client */;
/*!40101 SET character_set_client = utf8 */;
CREATE TABLE `reroute` (
  `id` int(10) unsigned NOT NULL AUTO_INCREMENT,
  `original` varchar(100) NOT NULL,
  `replacement` varchar(100) NOT NULL,
  `type` tinyint(3) unsigned NOT NULL,
  `description` tinytext NOT NULL,
  PRIMARY KEY (`id`)
) ENGINE=InnoDB DEFAULT CHARSET=utf8mb3 COLLATE=utf8mb3_general_ci;
/*!40101 SET character_set_client = @saved_cs_client */;

--
-- Table structure for table `roles`
--

DROP TABLE IF EXISTS `roles`;
/*!40101 SET @saved_cs_client     = @@character_set_client */;
/*!40101 SET character_set_client = utf8 */;
CREATE TABLE `roles` (
  `id` int(11) unsigned NOT NULL AUTO_INCREMENT,
  `name` varchar(50) NOT NULL,
  `non_admins` smallint(6) NOT NULL,
  `cms` tinyint(1) NOT NULL,
  `cms/access` tinyint(1) NOT NULL,
  `cms/action` tinyint(1) NOT NULL,
  `cms/advisor` tinyint(4) DEFAULT 0,
  `cms/analytics` tinyint(1) NOT NULL,
  `cms/file` tinyint(1) NOT NULL,
  `cms/translation` tinyint(4) DEFAULT 0,
  `cms/control` tinyint(4) DEFAULT 0,
  `cms/control/category` tinyint(4) DEFAULT 0,
  `cms/control/export` tinyint(4) DEFAULT 0,
  `cms/menu` tinyint(1) NOT NULL,
  `cms/newsletter` tinyint(4) DEFAULT 0,
  `cms/organisation` tinyint(1) NOT NULL,
  `cms/page` tinyint(1) NOT NULL,
  `cms/reroute` tinyint(4) DEFAULT 0,
  `cms/role` tinyint(1) NOT NULL,
  `cms/statistics` tinyint(4) DEFAULT 0,
  `cms/standard` tinyint(4) DEFAULT 0,
  `cms/settings` tinyint(1) NOT NULL,
  `cms/threat` tinyint(4) DEFAULT 0,
  `cms/threat/category` tinyint(4) DEFAULT 0,
  `cms/threat/export` tinyint(4) DEFAULT 0,
  `cms/user` tinyint(1) NOT NULL,
  `cms/validate` tinyint(4) DEFAULT 0,
  `account` tinyint(4) DEFAULT 0,
  `actors` tinyint(4) DEFAULT 0,
  `advisor` tinyint(4) DEFAULT 0,
  `bia` tinyint(4) DEFAULT 0,
  `case` tinyint(4) DEFAULT 0,
  `case/interests` tinyint(4) DEFAULT 0,
  `case/risks` tinyint(4) DEFAULT 0,
  `case/controls` tinyint(4) DEFAULT 0,
  `case/report` tinyint(4) DEFAULT 0,
  `case/scenarios` tinyint(4) DEFAULT 0,
  `case/scope` tinyint(4) DEFAULT 0,
  `case/progress` tinyint(4) DEFAULT 0,
  `case/progress/export` tinyint(4) DEFAULT 0,
  `case/progress/done` tinyint(4) DEFAULT 0,
  `case/progress/report` tinyint(4) DEFAULT 0,
  `dashboard` tinyint(4) DEFAULT 0,
  `data` tinyint(4) DEFAULT 0,
  `session` tinyint(1) NOT NULL,
  PRIMARY KEY (`id`),
  UNIQUE KEY `name` (`name`)
) ENGINE=InnoDB DEFAULT CHARSET=utf8mb3 COLLATE=utf8mb3_general_ci;
/*!40101 SET character_set_client = @saved_cs_client */;

--
-- Dumping data for table `roles`
--
-- ORDER BY:  `id`

LOCK TABLES `roles` WRITE;
/*!40000 ALTER TABLE `roles` DISABLE KEYS */;
INSERT INTO `roles` VALUES (1,'Administrator',0,1,1,1,1,1,1,1,1,1,1,1,1,1,1,1,1,1,1,1,1,1,1,1,1,1,1,1,1,1,1,1,1,1,1,1,1,1,1,1,1,1,1),(2,'Beheerder',1,1,1,0,1,0,0,0,0,0,0,0,0,0,0,0,0,0,0,0,0,0,0,1,0,1,1,1,1,1,1,1,1,1,1,1,1,1,1,1,1,1,1),(3,'Gebruiker',1,0,0,0,0,0,0,0,0,0,0,0,0,0,0,0,0,0,0,0,0,0,0,0,0,1,1,1,1,1,1,1,1,1,1,1,1,1,0,1,1,0,1),(4,'Controleur',1,0,0,0,0,0,0,0,0,0,0,0,0,0,0,0,0,0,0,0,0,0,0,0,0,1,0,0,0,0,0,0,0,0,0,0,0,0,1,0,1,0,1),(5,'Adviseur',0,0,0,0,0,0,0,0,0,0,0,0,0,0,0,0,0,0,0,0,0,0,0,0,0,1,1,1,1,1,1,1,1,1,1,1,1,1,0,1,1,0,1);
/*!40000 ALTER TABLE `roles` ENABLE KEYS */;
UNLOCK TABLES;

--
-- Table structure for table `sessions`
--

DROP TABLE IF EXISTS `sessions`;
/*!40101 SET @saved_cs_client     = @@character_set_client */;
/*!40101 SET character_set_client = utf8 */;
CREATE TABLE `sessions` (
  `id` int(10) unsigned NOT NULL AUTO_INCREMENT,
  `session_id` varchar(128) NOT NULL,
  `login_id` varchar(128) DEFAULT NULL,
  `content` text DEFAULT NULL,
  `expire` timestamp NOT NULL DEFAULT current_timestamp(),
  `user_id` int(10) unsigned DEFAULT NULL,
  `ip_address` varchar(45) NOT NULL,
  `bind_to_ip` tinyint(1) NOT NULL,
  `name` tinytext DEFAULT NULL,
  PRIMARY KEY (`id`),
  UNIQUE KEY `session_id` (`session_id`),
  KEY `user_id` (`user_id`),
  CONSTRAINT `sessions_ibfk_1` FOREIGN KEY (`user_id`) REFERENCES `users` (`id`)
) ENGINE=InnoDB DEFAULT CHARSET=utf8mb3 COLLATE=utf8mb3_general_ci;
/*!40101 SET character_set_client = @saved_cs_client */;

--
-- Table structure for table `settings`
--

DROP TABLE IF EXISTS `settings`;
/*!40101 SET @saved_cs_client     = @@character_set_client */;
/*!40101 SET character_set_client = utf8 */;
CREATE TABLE `settings` (
  `id` int(10) unsigned NOT NULL AUTO_INCREMENT,
  `key` varchar(32) NOT NULL,
  `type` varchar(8) NOT NULL,
  `value` text NOT NULL,
  PRIMARY KEY (`id`),
  UNIQUE KEY `key` (`key`)
) ENGINE=MyISAM DEFAULT CHARSET=utf8mb3 COLLATE=utf8mb3_general_ci;
/*!40101 SET character_set_client = @saved_cs_client */;

--
-- Dumping data for table `settings`
--
-- ORDER BY:  `id`

LOCK TABLES `settings` WRITE;
/*!40000 ALTER TABLE `settings` DISABLE KEYS */;
INSERT INTO `settings` VALUES (1,'admin_page_size','integer','25'),(2,'database_version','integer','5'),(3,'default_language','string','nl'),(8,'head_description','string','Gratis en open methode voor het uitvoeren van een risicoanalyse voor informatiebeveiliging op basis van ISO/IEC 27002, NEN 7510 of de BIO.'),(9,'head_keywords','string','risicoanalyse, informatiebeveiliging, cyber security, informatieveiligheid, dreigingen, ISO/IEC 27002, ISO/IEC 27001, NEN 7510, BIO, maatregelen, business impact analyse, gratis methodiek, open methodiek'),(10,'head_title','string','RAVIB'),(11,'hiawatha_cache_default_time','integer','3600'),(12,'hiawatha_cache_enabled','boolean','false'),(27,'secret_website_code','string',''),(28,'session_persistent','boolean','true'),(29,'session_timeout','integer','86400'),(30,'start_page','string','dashboard'),(33,'webmaster_email','string','root@localhost'),(45,'default_standard','integer','2'),(46,'validate_import_signature','boolean','true'),(47,'advisor_role','string','Adviseur');
/*!40000 ALTER TABLE `settings` ENABLE KEYS */;
UNLOCK TABLES;

--
-- Table structure for table `threat_categories`
--

DROP TABLE IF EXISTS `threat_categories`;
/*!40101 SET @saved_cs_client     = @@character_set_client */;
/*!40101 SET character_set_client = utf8 */;
CREATE TABLE `threat_categories` (
  `id` int(10) unsigned NOT NULL AUTO_INCREMENT,
  `name_en` varchar(100) NOT NULL,
  `name_nl` varchar(100) NOT NULL,
  PRIMARY KEY (`id`)
) ENGINE=InnoDB DEFAULT CHARSET=utf8mb3 COLLATE=utf8mb3_general_ci;
/*!40101 SET character_set_client = @saved_cs_client */;

--
-- Dumping data for table `threat_categories`
--
-- ORDER BY:  `id`

LOCK TABLES `threat_categories` WRITE;
/*!40000 ALTER TABLE `threat_categories` DISABLE KEYS */;
INSERT INTO `threat_categories` VALUES (1,'Responsibility','Verantwoordelijkheid'),(2,'Laws and regulations','Wet- en regelgeving'),(3,'Continuity and reliability of systems','Continuïteit en betrouwbaarheid van systemen'),(4,'Incident handling','Incidentafhandeling'),(5,'Access to information','Toegang tot informatie'),(6,'Exchanging and storing information','Uitwisselen en bewaren van informatie'),(8,'Human behaviour','Menselijk handelen'),(9,'Physical security','Fysieke beveiliging'),(10,'Business continuity','Bedrijfscontinuïteit');
/*!40000 ALTER TABLE `threat_categories` ENABLE KEYS */;
UNLOCK TABLES;

--
-- Table structure for table `threats`
--

DROP TABLE IF EXISTS `threats`;
/*!40101 SET @saved_cs_client     = @@character_set_client */;
/*!40101 SET character_set_client = utf8 */;
CREATE TABLE `threats` (
  `id` int(10) unsigned NOT NULL AUTO_INCREMENT,
  `number` int(10) unsigned NOT NULL,
  `threat_en` varchar(100) NOT NULL,
  `description_en` text NOT NULL,
  `threat_nl` varchar(100) NOT NULL,
  `description_nl` text NOT NULL,
  `category_id` int(10) unsigned NOT NULL,
  `confidentiality` enum('p','s','-') NOT NULL,
  `integrity` enum('p','s','-') NOT NULL,
  `availability` enum('p','s','-') NOT NULL,
  PRIMARY KEY (`id`),
  KEY `category_id` (`category_id`),
  CONSTRAINT `threats_ibfk_1` FOREIGN KEY (`category_id`) REFERENCES `threat_categories` (`id`)
) ENGINE=InnoDB DEFAULT CHARSET=utf8mb3 COLLATE=utf8mb3_general_ci;
/*!40101 SET character_set_client = @saved_cs_client */;

--
-- Dumping data for table `threats`
--
-- ORDER BY:  `id`

LOCK TABLES `threats` WRITE;
/*!40000 ALTER TABLE `threats` DISABLE KEYS */;
INSERT INTO `threats` VALUES (1,1,'Lack of direction on information security from management.','The management does not focus on information security. Responsibilities towards line managers are not assigned. An information security policy and/or ISMS is missing.','Gebrek aan sturing op informatiebeveiliging vanuit de directie.','De directie stuurt niet op informatiebeveiliging. Verantwoordelijkheden richting lijnmanagers zijn niet belegd. Een informatiebeveiligingsbeleid en/of ISMS ontbreekt.',1,'p','p','p'),(2,2,'Line managers do not take their responsibility for information security.','Line managers do not sufficiently ensure that information security is implemented correctly within their department. The ownership of information systems is not well invested. Security is not a permanent part of projects.','Lijnmanagers nemen hun verantwoordelijkheid voor informatiebeveiliging niet.','Lijnmanagers zorgen er onvoldoende voor dat informatiebeveiliging binnen hun afdeling op de juiste manier wordt ingevuld. Het eigenaarschap van informatiesystemen is niet goed belegd. Beveiliging vormt geen vast onderdeel van projecten.',1,'p','p','p'),(3,4,'Employees do not act according to what is expected of them.','The employees lack awareness towards information security and do not feel the need to contribute to it.','Medewerkers handelen onvoldoende naar hetgeen van hen verwacht wordt.','Het ontbreekt de medewerkers aan bewustzijn op het gebied van informatiebeveiliging en voelen onvoldoende noodzaak daaraan bij te dragen.',1,'p','p','p'),(7,37,'Legislation on information in the cloud.','Legislation in some countries allows the government of such a country to view information stored in the cloud.','Wetgeving over informatie in de cloud.','Door wetgeving in sommige landen kan de overheid van zo\'n land inzage krijgen in informatie welke in de cloud ligt opgeslagen.',2,'p','-','-'),(8,38,'Foreign law when visiting a country.','Legislation in some countries allows the government to require access to the data on systems included when visiting that country.','Buitenlandse wetgeving bij het bezoeken van een land.','Door wetgeving in sommige landen kan de overheid inzage eisen in de gegevens op meegenomen systemen bij een bezoek aan dat land.',2,'p','-','-'),(9,39,'Legislation on the use of cryptography.','Legislation in some countries allows governments to demand a copy of cryptographic keys.','Wetgeving over het gebruik van cryptografie.','Door wetgeving in sommige landen kan de overheid een kopie van cryptografische sleutels opeisen.',2,'p','-','-'),(11,6,'Access to information is blocked.','Information on a system has been made inaccessible because malware (ransomware, wipers) or an attacker has encrypted or deleted this information.','Toegang tot informatie wordt geblokkeerd.','Informatie op een systeem is ontoegankelijk gemaakt, doordat malware (ransomware, wipers) of een aanvaller deze informatie heeft versleuteld of verwijderd.',3,'s','-','p'),(12,7,'Network services are overloaded.','A network service is reduced in availability due to a malicious attack (DoS) or due to an unforeseen increase in the amount of requests or the resources required to handle a request. Requests can come from users, but also from other systems.','Netwerkdiensten raken overbelast.','Een netwerkdienst is verminderd beschikbaar door een moedwillige aanval (DoS) of door onvoorziene toename van de hoeveelheid verzoeken of van de benodigde resources om een verzoek af te handelen. Verzoeken kunnen komen vanuit gebruikers, maar ook vanuit andere systemen.',3,'-','-','p'),(13,40,'Incidents are not dealt with in a timely manner.','The consequences of incidents are unnecessarily large as a result. Within the company there is insufficient network monitoring and there is no central reporting point for security incidents.','Incidenten worden niet tijdig opgepakt.','De gevolgen van incidenten worden hierdoor onnodig groot. Binnen het bedrijf is er onvoldoende netwerkmonitoring en is er geen centraal meldpunt voor beveiligingsincidenten.',4,'p','s','-'),(14,41,'Information for dealing with incidents is lacking.','System administrators do not have enough technical information about the problem to solve it. There is no action plan, which means that the incident continues unnecessarily long.','Informatie voor het aanpakken van incidenten ontbreekt.','Systeembeheerders hebben onvoldoende technische informatie over het probleem om het te kunnen oplossen. Een actieplan ontbreekt waardoor het incident onnodig lang blijft duren.',4,'p','p','p'),(15,42,'Recurrence of incidents.','Causes of incidents are not held accountable for their actions. Managers have insufficient insight into recurring incidents, so that they do not manage them.','Herhaling van incidenten.','Veroorzakers van incidenten worden niet aangesproken op hun handelen. Managers hebben onvoldoende zicht op herhalende incidenten, waardoor zij daar niet op sturen.',4,'p','s','p'),(16,14,'Systems are not used for their intended purpose.','The lack of a policy on internet use, for example, increases the risk of abuse.','Systemen worden niet gebruikt waarvoor ze bedoeld zijn.','Het ontbreken van een beleid op bijvoorbeeld systeemgebruik en internetgebruik, vergroot de kans op misbruik, onnodige belasting van het systemen en het netwerk, malware besmettingen en/of reputatieschade.',8,'s','-','p'),(17,15,'Taking away company assets.','Due to insufficient checks on the issue and incorrect inventory of company assets, there is a chance that the theft will not be noticed or will be noticed too late.','Wegnemen van bedrijfsmiddelen.','Door onvoldoende controle op de uitgifte en onjuiste inventarisatie van bedrijfsmiddelen bestaat de kans dat diefstal niet of te laat wordt opgemerkt.',8,'p','-','s'),(19,17,'Allowing external parties into the building or onto the network.','The admission of external parties, such as suppliers and project partners, can have consequences for the confidentiality of the information available within the premises or via the network.','Toelaten van externen in het pand of op het netwerk.','Het toelaten van externen, zoals leveranciers en projectpartners, kunnen gevolgen hebben voor de vertrouwelijkheid van de informatie die binnen het pand of via het netwerk beschikbaar is.',8,'p','-','-'),(20,19,'Abuse of someone else\'s identity.','Due to insufficient (possibility of) checking an identity, unauthorized access can be obtained to confidential information. This also includes social engineering, such as phishing and CEO fraud.','Misbruik van andermans identiteit.','Door onvoldoende (mogelijkheid op) controle op een identiteit, kan ongeautoriseerde toegang verkregen worden tot vertrouwelijke informatie. Denk hierbij ook aan social engineering, zoals phishing en CEO-fraude.',8,'p','p','-'),(21,21,'Access rights set incorrectly.','Due to a missing, incorrect or unclear process for allocating and taking rights, a person can inadvertently have more rights. These rights can be abused by this person or by others (eg via malware).','Onterecht hebben van rechten.','Door een ontbrekend, onjuist of onduidelijk proces voor het uitdelen en innemen van rechten, kan een persoon onbedoeld meer rechten hebben. Deze rechten kunnen door deze persoon zelf of door anderen (bijv. via malware) misbruikt worden.',8,'p','p','-'),(22,20,'Abuse of special rights.','Due to insufficient control of employees with special rights, such as system administrators, there is a risk of unauthorized access to sensitive information.','Misbruik van speciale bevoegdheden.','Door onvoldoende controle op medewerkers met bijzondere rechten, zoals systeembeheerders, bestaat de kans op ongeautoriseerde toegang tot gevoelige informatie.',8,'p','p','-'),(23,22,'Bad password usage.','Lack of password policies and employee awareness can lead to the use of weak passwords, the writing of passwords, or the use of the same password across multiple systems.','Slecht wachtwoordgebruik.','Het ontbreken van een wachtwoordbeleid en bewustzijn bij medewerkers kan leiden tot het gebruik van zwakke wachtwoorden, het opschrijven van wachtwoorden of het gebruik van hetzelfde wachtwoord voor meerdere systemen.',5,'p','p','-'),(24,16,'Policy is not followed by lack of sanctions.','Due to the lack of sanctions for violating rules, there is a chance that employees will not take the policy measures seriously.','Onbeheerd achterlaten van werkplekken.','Door het ontbreken van een clear-desk en/of clear-screen policy kan toegang verkregen worden tot gevoelige informatie.',8,'p','p','s'),(25,23,'Leaving workplaces unattended.','In the absence of a clear-desk and/or clear-screen policy, access can be gained to sensitive information.','Onduidelijkheid over classificatie en bevoegdheden.','Door onduidelijkheid over vertrouwelijkheid van informatie van informatie en bevoegdheid van personen bestaat de kans op ongeautoriseerde toegang tot gevoelige informatie.',5,'p','s','-'),(26,24,'Uncertainty about classification and powers.','Due to a lack of clarity about the confidentiality of information and authority of persons, there is a risk of unauthorized access to sensitive information.','Informatie op systemen bij reparatie of verwijdering.','Gevoelige informatie kan lekken indien opslagmedia of systemen welke opslagmedia bevatten worden weggegooid of ter reparatie aan derden worden aangeboden.',5,'p','-','-'),(27,35,'Misuse of cryptographic keys and/or use of weak algorithms.','There is a risk of misuse of cryptographic keys due to incorrect or missing key management. The use of weak cryptographic algorithms provides a false sense of security.','Misbruik van cryptografische sleutels en/of gebruik van zwakke algoritmen.','Door een onjuist of ontbrekend sleutelbeheer bestaat de kans op misbruik van cryptografische sleutels. Het gebruik van zwakke cryptografische algoritmen biedt schijnveiligheid.',6,'p','p','-'),(28,25,'Information on systems upon repair or disposal.','Sensitive information may leak if storage media or systems containing storage media are discarded or offered to third parties for repair.','Misbruik van kwetsbaarheden in applicaties of hardware.','Kwetsbaarheden in applicaties of hardware worden misbruikt (exploits) om ongeautoriseerde toegang te krijgen tot een applicatie en de daarin opgeslagen informatie.',5,'p','p','-'),(29,26,'Exploitation of vulnerabilities in applications or hardware.','Abuse of vulnerabilities in applications or hardware. Vulnerabilities in applications or hardware are misused (exploits) to gain unauthorized access to an application and the information stored therein.','Misbruiken van zwakheden in netwerkbeveiliging.','Zwakheden in de beveiliging van het (draadloze) netwerk worden misbruikt om toegang te krijgen tot dit netwerk.',5,'p','p','-'),(30,29,'Information outside the protected environment.','Information that is taken outside the office for permitted use, for example, is no longer properly protected. Also consider Bring Your Own Device (BYOD).','Informatie buiten de beschermde omgeving.','Informatie die voor toegestaan gebruik meegenomen wordt naar bijvoorbeeld buiten het kantoor wordt niet meer op de juiste wijze beschermd. Denkbij ook aan Bring Your Own Device (BYOD).',5,'p','-','-'),(31,30,'Eavesdropping equipment.','Sensitive information is retrieved by means of keyloggers or network taps.','Afluisterapparatuur en -software.','Door middel van keyloggers of netwerktaps wordt gevoelige informatie achterhaald.',5,'p','-','-'),(32,31,'Sending sensitive information insecurely.','Breach of confidentiality of information by sending information unencrypted.','Onveilig versturen van gevoelige informatie.','Inbreuk op vertrouwelijkheid van informatie door onversleuteld versturen van informatie.',6,'p','s','-'),(33,32,'Sending sensitive information to incorrect person.','Breach of confidentiality of information due to insufficient control of recipient.','Versturen van gevoelige informatie naar onjuiste persoon.','Inbreuk op vertrouwelijkheid van informatie door het onvoldoende controleren van ontvanger.',6,'p','-','-'),(35,33,'Loss of information due to expiration of the shelf life of the storage method.','Information is lost due to the medium becoming unreadable or the file format becoming outdated.','Informatieverlies door verlopen van houdbaarheid van opslagwijze.','Informatie gaat verloren door onleesbaar geraken van medium of gedateerd raken van bestandsformaat.',6,'-','-','p'),(36,34,'Incorrect information.','Unwanted actions as a result of incorrect company information or receiving incorrect information. This could be as a result of willful act or a mistake.','Foutieve informatie.','Ongewenste handelingen als gevolg van foutieve bedrijfsinformatie of het toegestuurd krijgen van foutieve informatie. Dit kan zijn als gevolg van moedwillig handelen of van een vergissing.',6,'-','p','-'),(37,18,'Loss of mobile devices and storage media.','The loss of mobile devices and storage media can lead to a breach of the confidentiality of sensitive information.','Verlies van mobiele apparatuur en opslagmedia.','Door het verlies van mobiele apparatuur en opslagmedia bestaat de kans op inbreuk op de vertrouwelijkheid van gevoelige informatie.',8,'p','-','s'),(38,8,'Attacks via systems that are not under their own control.','Due to insufficient control over the security of private and home equipment and other equipment from third parties, there is a risk of contamination with malware, for example.','Aanvallen via systemen die niet in eigen beheer zijn.','Door onvoldoende grip op de beveiliging van prive- en thuisapparatuur en apparatuur van derden die in verbinding staan met het bedrijfsnetwerk, bestaat de kans op bijvoorbeeld besmetting met malware.',3,'p','-','p'),(39,10,'Failure of systems due to configuration errors.','Incorrect configuration of an application can lead to incorrect processing of information.','Uitval van systemen door softwarefouten.','Fouten in software kunnen leiden tot systeemcrashes of het corrupt raken van de in het systeem opgeslagen informatie.',3,'-','p','p'),(40,11,'Failure of systems due to software errors.','Errors in software can lead to system crashes or corruption of information stored in the system.','Uitval van systemen door configuratiefouten.','Onjuiste configuratie van een applicatie kan leiden tot een verkeerde verwerking van informatie.',3,'-','p','s'),(41,9,'Failure of systems due to hardware errors.','Insufficient quality hardware can lead to system failure.','Uitval van systemen door hardwarefouten.','Hardware van onvoldoende kwaliteit kan leiden tot uitval van systemen.',3,'-','-','p'),(42,13,'User errors.','Insufficient knowledge or too little control over other people\'s work increases the risk of human errors. User interfaces that are not tailored to the user level increase the chance of errors.','Gebruikersfouten.','Onvoldoende kennis of te weinig controle op andermans werk vergroot de kans op menselijke fouten. Gebruikersinterfaces die niet zijn afgestemd op het gebruikersniveau verhogen de kans op fouten.',8,'-','p','s'),(43,51,'Software is no longer supported by the publisher.','Security patches will no longer be issued for software that is no longer supported. Also think of Excel and Access applications.','Software wordt niet meer ondersteund door de uitgever.','Voor software die niet meer ondersteund wordt worden geen securitypatches meer uitgegeven. Denk ook aan Excel- en Access-applicaties.',10,'-','-','p'),(44,43,'Unauthorized physical access.','The lack of access passes, visibility of entrances and awareness among employees increases the chance of unauthorized physical access.','Ongeautoriseerde fysieke toegang.','Het ontbreken van toegangspasjes, zicht op ingangen en bewustzijn bij medewerkers vergroot de kans op ongeautoriseerde fysieke toegang.',9,'p','-','-'),(45,44,'Fire.','The lack of fire detectors and fire extinguishing equipment increases the consequences of a fire.','Brand.','Het ontbreken van brandmelders en brandblusapparatuur vergroten de gevolgen van een brand.',9,'-','-','p'),(46,46,'Flooding.','Flooding can damage computers and other business assets.','Overstroming en wateroverlast.','Overstroming en wateroverlast kunnen zorgen voor schade aan computers en andere bedrijfsmiddelen.',9,'-','-','p'),(47,47,'Pollution of the environment.','Contamination of the environment can lead to the organization being (temporarily) unable to work.','Verontreiniging van de omgeving.','Verontreininging van de omgeving kan ertoe leiden dat de organisatie (tijdelijk) niet meer kan werken.',9,'-','-','p'),(48,45,'Explosion.','Explosions can cause damage to the building and equipment and casualties.','Explosie.','Explosies kunnen leiden tot schade aan het gebouw en apparatuur en slachtoffers.',9,'-','-','p'),(49,48,'Failure of facility resources (gas, water, electricity, air conditioning).','Failure of facility resources can mean that one or more business units can no longer do their job.','Uitval van facilitaire middelen (gas, water, electra, airco).','Uitval van facilitaire middelen kan tot gevolg hebben dat een of meerdere bedrijfsonderdelen hun werk niet meer kunnen doen.',9,'-','-','p'),(50,49,'Vandalism.','Damage to or destruction of company property as a result of an undirected action, such as vandalism or rodents.','Vandalisme.','Schade aan of vernieling van bedrijfseigendommen als gevolg van een ongerichte actie, zoals vandalisme of knaagdieren.',9,'-','-','p'),(52,50,'Unavailability of third-party services.','The unavailability of third-party services due to system failure, bankruptcy, unplanned contract termination or unacceptable changes in services (for example, due to a company takeover).','Niet beschikbaar zijn van diensten van derden.','Het niet meer beschikbaar zijn van diensten van derden (SAAS, informatieverwerkingen, netwerkdiensten, etc) door uitval van systemen, faillissement, ongeplande contractbeëindiging of onacceptabele wijziging in de dienstverlening (bijvoorbeeld door bedrijfsovername).',10,'-','-','p'),(53,52,'Losing important knowledge when employees are unavailable.','Employees who leave the company or who cannot be deployed for a long time due to an accident possess knowledge that is therefore no longer available.','Kwijtraken van belangrijke kennis bij niet beschikbaar zijn van medewerkers.','Medewerkers die het bedrijf verlaten of door een ongeval voor lange tijd niet inzetbaar zijn, bezitten kennis die daardoor niet meer beschikbaar is.',10,'-','-','p'),(56,12,'Errors due to changes in other systems.','Errors arise in a system as a result of changes in linked systems.','Fouten als gevolg van wijzigingen in andere systemen.','In een systeem ontstaan fouten als gevolg van wijzigingen in gekoppelde systemen (intern en extern).',3,'-','p','p'),(57,5,'Insufficient attention to security during software development.','Insufficient attention to security when developing software yourself or having it developed leads to a breach of information security.','Onvoldoende aandacht voor beveiliging bij softwareontwikkeling.','Onvoldoende aandacht voor beveiliging bij het zelf of laten ontwikkelen van software leidt tot inbreuk op de informatiebeveiliging.',3,'p','p','p'),(58,28,'Insufficient attention to security when outsourcing work.','Because external parties / suppliers do not have their information security in order, infringements can occur on the information to which they have access.','Onvoldoende aandacht voor beveiliging bij uitbesteding van werkzaamheden.','Doordat externe partijen / leveranciers hun informatiebeveiliging niet op orde hebben, kunnen inbreuken ontstaan op de informatie waar zij toegang tot hebben.',5,'p','-','-'),(59,3,'Insufficient attention to security within projects.','Insufficient attention to security within projects. Within projects (excluding software development) there is insufficient attention to security. This has negative consequences for new systems and processes that are introduced within the organization.','Onvoldoende aandacht voor beveiliging binnen projecten.','Binnen projecten (exclusief softwareontwikkeling) is onvoldoende aandacht voor beveiliging. Dit heeft negatieve gevolgen voor nieuwe systemen en processen die binnen de organisatie worden geïntroduceerd.',1,'p','p','p'),(61,36,'Losing cryptographic keys','Losing cryptographic keys due to problems with the hardware in which they are stored, due to malicious actions, or due to human error, which makes the information encrypted with them inaccessible.','Kwijtraken van cryptografische sleutels.','Cryptografische sleutels raken kwijt door problemen met de hardware waar deze sleutels in opgeslagen liggen, door het handelen van een kwaadwillende of door een menselijke fout, waardoor de daarmee versleutelde informatie niet meer toegankelijk is.',6,'-','-','p'),(62,27,'Exploiting network security vulnerabilities.','Weaknesses in the security of the (wireless) network are misused to gain access to this network.','Omleiden van netwerkverkeer.','Door aanpassingen in netwerkconfiguratie of fysieke netwerkonderdelen wordt netwerkverkeer omgeleid, waardoor deze afgeluisterd kan worden.',5,'p','-','-');
/*!40000 ALTER TABLE `threats` ENABLE KEYS */;
UNLOCK TABLES;

--
-- Table structure for table `user_role`
--

DROP TABLE IF EXISTS `user_role`;
/*!40101 SET @saved_cs_client     = @@character_set_client */;
/*!40101 SET character_set_client = utf8 */;
CREATE TABLE `user_role` (
  `user_id` int(10) unsigned NOT NULL,
  `role_id` int(10) unsigned NOT NULL,
  KEY `role_id` (`role_id`),
  KEY `user_id` (`user_id`),
  CONSTRAINT `user_role_ibfk_1` FOREIGN KEY (`user_id`) REFERENCES `users` (`id`),
  CONSTRAINT `user_role_ibfk_2` FOREIGN KEY (`role_id`) REFERENCES `roles` (`id`)
) ENGINE=InnoDB DEFAULT CHARSET=utf8mb3 COLLATE=utf8mb3_general_ci;
/*!40101 SET character_set_client = @saved_cs_client */;

--
-- Dumping data for table `user_role`
--

LOCK TABLES `user_role` WRITE;
/*!40000 ALTER TABLE `user_role` DISABLE KEYS */;
INSERT INTO `user_role` VALUES (1,1);
/*!40000 ALTER TABLE `user_role` ENABLE KEYS */;
UNLOCK TABLES;

--
-- Table structure for table `users`
--

DROP TABLE IF EXISTS `users`;
/*!40101 SET @saved_cs_client     = @@character_set_client */;
/*!40101 SET character_set_client = utf8 */;
CREATE TABLE `users` (
  `id` int(11) unsigned NOT NULL AUTO_INCREMENT,
  `organisation_id` int(10) unsigned NOT NULL,
  `username` varchar(50) CHARACTER SET latin1 COLLATE latin1_general_cs NOT NULL,
  `password` tinytext NOT NULL,
  `status` tinyint(4) unsigned NOT NULL DEFAULT 0,
  `authenticator_secret` varchar(16) DEFAULT NULL,
  `fullname` varchar(50) NOT NULL,
  `email` varchar(50) NOT NULL,
  `crypto_key` text DEFAULT NULL,
  PRIMARY KEY (`id`),
  UNIQUE KEY `username` (`username`),
  UNIQUE KEY `email` (`email`),
  KEY `organisation_id` (`organisation_id`),
  CONSTRAINT `users_ibfk_1` FOREIGN KEY (`organisation_id`) REFERENCES `organisations` (`id`)
) ENGINE=InnoDB DEFAULT CHARSET=utf8mb3 COLLATE=utf8mb3_general_ci;
/*!40101 SET character_set_client = @saved_cs_client */;

--
-- Dumping data for table `users`
--
-- ORDER BY:  `id`

LOCK TABLES `users` WRITE;
/*!40000 ALTER TABLE `users` DISABLE KEYS */;
INSERT INTO `users` VALUES (1,1,'admin','none',1,NULL,'Administrator','root@localhost',NULL);
/*!40000 ALTER TABLE `users` ENABLE KEYS */;
UNLOCK TABLES;
/*!40103 SET TIME_ZONE=@OLD_TIME_ZONE */;

/*!40101 SET SQL_MODE=@OLD_SQL_MODE */;
/*!40014 SET FOREIGN_KEY_CHECKS=@OLD_FOREIGN_KEY_CHECKS */;
/*!40014 SET UNIQUE_CHECKS=@OLD_UNIQUE_CHECKS */;
/*!40101 SET CHARACTER_SET_CLIENT=@OLD_CHARACTER_SET_CLIENT */;
/*!40101 SET CHARACTER_SET_RESULTS=@OLD_CHARACTER_SET_RESULTS */;
/*!40101 SET COLLATION_CONNECTION=@OLD_COLLATION_CONNECTION */;
/*!40111 SET SQL_NOTES=@OLD_SQL_NOTES */;

-- Dump completed on 2025-02-27 13:52:34
